Student_ID,Prior_GPA,Course_Grade_Perc,Assignment_Score_Perc,Attendance_Perc,LMS_Activity_Logins_Wk,Study_Hours_Wk,Financial_Aid_Status,Socioeconomic_Score,Outcome_At_Risk
1,3.61,81,97,88,17,22.1,0,3,0
2,3.31,74,85,85,14,6.0,1,3,0
3,3.52,75,94,90,18,12.8,0,4,0
4,3.99,94,97,100,27,16.3,0,5,0
5,2.84,80,80,92,10,12.5,0,3,0
6,2.89,68,72,82,10,23.0,1,3,0
7,4.0,100,98,100,28,24.4,0,5,0
8,3.91,90,87,90,16,16.1,1,4,0
9,2.65,68,77,80,7,-0.0,1,3,0
10,3.26,84,87,96,15,22.7,0,3,0
11,3.02,82,90,89,11,6.0,1,3,0
12,3.03,77,94,89,21,13.1,1,3,0
13,3.45,81,88,83,21,13.6,0,3,0
14,2.0,54,68,71,12,10.2,1,1,1
15,2.14,58,66,79,11,3.4,1,1,1
16,2.93,68,83,84,17,11.2,0,2,0
17,2.61,53,86,75,7,12.8,0,2,0
18,2.94,94,86,93,15,33.7,0,3,0
19,2.61,68,66,78,6,16.7,1,2,1
20,2.18,63,78,86,8,5.8,1,1,1
21,4.0,95,100,100,25,23.8,0,5,0
22,3.66,71,75,89,15,9.4,1,3,0
23,3.31,78,86,95,22,7.8,0,3,0
24,2.28,51,77,78,3,2.0,0,1,1
25,3.06,85,81,88,15,5.6,1,2,0
26,3.36,72,82,96,9,20.9,1,3,0
27,2.59,58,81,81,10,0.0,0,2,1
28,3.55,80,86,90,20,27.9,1,3,0
29,3.25,79,73,75,11,17.4,1,2,0
30,2.8,75,73,85,16,13.4,0,3,0
31,2.93,63,87,88,7,11.4,0,2,0
32,4.0,100,100,100,15,21.7,0,5,0
33,3.3,82,85,90,18,17.1,1,3,0
34,2.38,69,75,77,19,17.4,0,2,1
35,3.61,92,89,84,14,14.3,0,4,0
36,2.41,78,70,76,16,0.0,1,2,0
37,3.52,94,84,88,16,21.9,1,3,0
38,2.21,50,60,72,0,5.8,1,1,1
39,2.15,72,71,81,3,0.0,0,1,0
40,3.33,83,85,99,16,10.3,1,3,0
41,3.5,90,94,94,16,12.6,0,4,0
42,3.05,70,86,88,9,10.2,0,3,0
43,3.09,76,88,86,6,11.7,0,3,0
44,2.96,70,89,86,9,11.1,0,3,0
45,2.8,65,79,73,9,0.9,0,1,0
46,2.85,76,82,83,12,4.6,1,2,0
47,2.65,60,82,87,10,10.4,1,3,0
48,3.72,91,88,97,21,22.7,0,4,0
49,3.61,89,91,93,22,14.5,1,3,0
50,2.56,56,80,77,9,13.7,1,1,1
51,3.08,86,89,82,16,21.0,1,3,0
52,2.59,75,92,88,18,-0.0,1,3,0
53,3.17,72,72,80,7,15.1,0,2,0
54,3.64,84,84,87,17,23.5,0,4,0
55,3.64,83,97,90,19,17.7,1,4,0
56,3.87,82,93,97,13,8.6,0,4,0
57,2.17,72,85,81,9,10.0,1,2,1
58,3.02,74,83,77,3,13.1,0,3,0
59,3.46,81,83,93,26,8.0,1,3,0
60,3.97,87,91,88,15,9.2,0,4,0
61,2.71,70,74,85,21,11.4,1,3,0
62,3.11,82,78,88,14,12.0,1,3,0
63,2.35,63,82,84,13,5.0,0,2,0
64,2.53,56,80,88,7,7.2,1,2,1
65,3.51,92,93,87,20,11.1,0,4,0
66,3.93,93,87,98,24,19.7,0,5,0
67,2.96,77,83,86,18,18.8,1,3,0
68,3.93,100,86,98,23,18.2,0,4,0
69,3.59,82,94,92,15,3.8,1,3,0
70,2.77,72,77,81,10,7.3,1,2,1
71,3.42,75,82,89,9,8.6,0,3,0
72,3.83,95,97,94,25,26.4,1,5,0
73,3.12,81,82,93,20,17.3,0,3,0
74,4.0,87,100,100,30,11.1,1,5,0
75,2.15,48,62,73,5,5.4,1,1,1
76,3.47,88,84,93,15,11.0,1,4,0
77,3.55,79,75,85,7,28.0,1,3,0
78,3.22,81,83,80,19,12.8,0,3,0
79,3.31,81,83,90,6,5.6,1,3,0
80,2.36,63,63,68,4,0.0,1,1,1
81,3.14,69,89,96,13,16.5,1,3,0
82,3.49,83,91,84,16,14.0,1,3,0
83,4.0,96,96,100,22,23.1,0,5,0
84,3.13,65,88,92,13,24.8,1,2,1
85,2.93,74,82,85,0,4.6,1,2,1
86,2.77,86,77,85,13,12.5,0,2,0
87,3.49,89,87,90,8,31.9,0,4,0
88,3.36,85,92,84,20,19.1,1,3,0
89,2.72,72,83,88,10,0.0,1,2,1
90,3.5,80,90,99,7,22.1,0,3,0
91,3.51,68,81,87,11,6.3,0,3,0
92,3.69,85,95,90,17,32.1,0,4,0
93,2.77,61,76,70,18,4.2,0,2,1
94,3.02,84,82,81,15,36.8,1,3,0
95,3.13,73,89,84,15,24.4,0,3,0
96,1.87,58,71,85,14,0.0,0,1,1
97,3.26,87,79,94,16,16.9,1,3,0
98,3.4,74,82,91,20,22.6,1,3,0
99,3.44,73,90,86,18,21.3,1,3,0
100,2.96,76,85,83,8,17.1,0,3,0
101,1.98,67,74,84,16,16.5,1,1,1
102,3.07,76,79,86,6,11.5,1,3,0
103,2.87,75,85,75,18,10.0,1,3,0
104,2.48,69,75,79,4,7.4,1,2,1
105,2.98,78,85,82,17,20.9,1,3,0
106,3.41,84,84,88,26,20.3,0,3,0
107,4.0,94,95,100,22,28.6,1,5,0
108,2.86,80,83,89,15,22.4,0,3,0
109,3.53,75,85,90,19,0.1,0,3,0
110,3.41,78,84,94,13,17.0,0,3,0
111,2.18,52,72,70,15,5.2,1,1,1
112,2.96,93,66,97,16,28.2,1,3,0
113,3.2,78,81,85,14,3.1,1,3,0
114,4.0,99,100,100,23,42.2,1,5,0
115,3.2,75,91,85,9,14.4,0,3,0
116,3.51,85,82,91,13,20.7,1,3,0
117,3.03,88,86,90,13,28.2,1,3,0
118,2.52,60,84,81,7,12.5,0,2,0
119,3.98,82,87,93,17,25.1,0,4,0
120,3.94,92,93,88,29,21.4,0,4,0
121,3.82,79,87,100,13,15.9,0,4,0
122,2.81,64,76,79,12,9.3,1,2,1
123,4.0,93,92,100,24,17.7,0,5,0
124,2.64,61,71,69,12,6.2,1,1,1
125,3.63,89,100,91,17,0.0,0,4,0
126,4.0,100,100,100,24,31.6,0,5,0
127,2.89,64,83,83,13,8.1,1,2,1
128,3.0,71,83,70,14,8.9,0,2,0
129,3.17,80,78,90,14,17.4,1,3,0
130,2.8,73,83,78,5,0.5,0,2,0
131,2.33,62,79,78,6,21.1,0,1,1
132,3.33,84,81,83,10,14.6,0,3,0
133,2.6,68,82,76,7,7.5,1,2,1
134,3.55,86,92,90,17,10.1,1,3,0
135,2.99,57,87,76,13,9.7,0,2,0
136,4.0,97,95,97,31,35.4,0,5,0
137,2.77,71,74,76,9,18.6,1,2,1
138,3.2,79,81,76,17,19.9,1,3,0
139,3.48,84,98,99,20,24.3,1,4,0
140,2.54,59,67,72,16,4.7,0,2,1
141,3.7,77,76,89,19,4.8,1,3,0
142,3.94,97,95,100,16,21.2,1,5,0
143,2.07,65,71,73,0,3.5,1,1,1
144,3.18,78,86,85,17,24.5,1,3,0
145,3.14,87,92,91,14,19.0,0,3,0
146,3.51,88,88,99,14,32.6,1,4,0
147,2.38,62,66,73,3,17.2,1,1,1
148,2.13,61,85,77,10,3.4,1,1,1
149,3.52,89,84,83,25,3.8,1,3,0
150,3.56,84,82,88,14,27.9,1,3,0
151,3.17,95,92,90,19,27.4,1,3,0
152,3.71,77,86,86,16,6.1,1,3,0
153,2.89,73,80,81,5,23.0,0,2,0
154,3.55,78,89,83,20,19.5,1,3,0
155,3.24,76,93,91,11,18.0,0,3,0
156,2.94,69,78,88,12,23.6,1,2,1
157,4.0,100,100,97,22,37.0,1,5,0
158,3.66,100,78,88,22,23.1,1,3,0
159,2.52,63,80,82,4,11.6,1,2,1
160,3.7,79,86,99,20,23.9,1,4,0
161,2.38,68,85,73,6,6.0,1,2,1
162,3.49,75,92,93,16,19.3,1,4,0
163,4.0,91,90,98,2,14.7,0,4,0
164,2.52,68,82,81,22,7.4,1,2,1
165,3.87,94,97,83,22,17.8,1,4,0
166,3.17,89,91,94,13,12.4,1,3,0
167,3.86,85,86,100,13,21.0,0,4,0
168,4.0,100,97,100,21,23.8,1,5,0
169,3.16,70,83,81,17,17.5,0,3,0
170,2.87,62,79,80,2,0.0,1,2,1
171,2.53,69,82,90,10,8.8,0,2,0
172,2.83,61,69,86,20,11.2,1,2,1
173,3.21,75,86,91,9,12.1,0,3,0
174,3.3,76,86,92,17,15.7,0,3,0
175,3.16,85,83,87,27,4.0,1,3,0
176,3.3,99,87,93,22,22.8,1,4,0
177,3.28,70,84,88,16,20.3,1,3,0
178,3.76,84,78,100,24,27.7,0,5,0
179,3.06,74,80,94,12,21.7,0,3,0
180,4.0,100,100,100,34,32.9,1,5,0
181,3.71,87,92,86,16,22.6,1,4,0
182,2.63,65,75,83,1,11.1,1,2,1
183,2.49,64,76,84,8,14.1,1,2,1
184,3.64,86,96,95,12,5.3,0,3,0
185,3.13,82,88,83,13,6.5,1,3,0
186,3.69,75,95,100,17,32.0,1,4,0
187,3.58,81,86,85,23,0.0,1,3,0
188,2.85,78,87,82,18,13.4,1,3,0
189,2.84,62,77,83,13,19.3,1,2,1
190,2.41,70,73,87,8,5.2,1,1,1
191,2.73,69,84,80,8,9.1,1,3,0
192,3.67,88,88,93,8,21.2,0,4,0
193,3.32,84,94,95,17,13.5,0,3,0
194,2.43,60,75,79,13,7.8,0,1,1
195,3.37,69,89,88,15,10.6,1,3,0
196,3.72,80,95,94,14,26.2,0,3,0
197,2.89,74,84,83,13,21.1,1,2,1
198,3.03,78,79,94,15,14.9,1,3,0
199,3.36,74,88,95,24,4.3,1,3,0
200,2.78,70,81,81,16,4.0,0,2,0
201,3.49,80,92,92,21,15.7,0,3,0
202,3.75,82,84,93,21,22.4,1,4,0
203,4.0,92,90,99,13,13.4,1,4,0
204,4.0,95,98,96,23,15.2,0,4,0
205,2.42,76,71,78,11,10.8,0,1,0
206,2.85,72,76,87,14,16.9,0,2,0
207,3.54,91,97,99,20,13.1,1,3,0
208,3.51,81,89,84,20,7.4,1,3,0
209,3.44,78,85,92,31,44.4,1,3,0
210,4.0,100,100,100,32,44.4,0,5,0
211,3.38,85,91,91,22,16.3,0,4,0
212,4.0,85,87,99,18,28.8,0,4,0
213,3.87,88,91,99,23,19.7,1,4,0
214,3.31,88,92,92,23,25.8,0,4,0
215,3.08,76,89,76,15,14.4,0,3,0
216,3.24,90,94,89,27,20.3,0,4,0
217,2.86,70,76,87,7,9.5,1,2,1
218,3.23,72,89,73,11,2.0,0,3,0
219,2.79,69,80,90,14,27.6,0,3,0
220,3.27,72,79,91,20,8.0,1,3,0
221,4.0,100,100,100,26,18.0,0,5,0
222,1.98,56,78,73,13,2.1,1,1,1
223,3.4,85,91,83,15,11.4,0,4,0
224,2.53,53,73,78,2,4.9,0,1,1
225,3.31,90,90,91,14,17.7,1,3,0
226,3.85,85,86,100,20,29.5,0,4,0
227,3.44,76,79,85,18,21.9,1,3,0
228,2.82,68,69,80,10,6.1,0,2,0
229,2.62,73,81,80,10,11.1,0,2,0
230,3.51,92,91,89,18,22.3,0,4,0
231,3.01,80,87,87,12,0.0,0,2,0
232,3.67,84,88,84,14,20.9,1,3,0
233,3.34,72,83,84,14,3.6,1,3,0
234,2.63,69,80,78,10,27.4,1,2,1
235,4.0,100,100,97,29,24.6,0,5,0
236,3.47,98,81,93,19,17.3,1,4,0
237,1.92,45,83,79,17,0.0,1,1,1
238,3.38,87,89,88,17,11.1,1,3,0
239,3.11,71,81,76,9,29.2,0,2,0
240,3.88,93,94,99,32,27.6,1,4,0
241,2.81,68,83,90,14,0.0,0,2,0
242,3.22,72,83,84,19,26.3,0,3,0
243,3.51,89,86,89,20,27.6,0,3,0
244,3.83,92,94,97,22,17.9,0,4,0
245,1.97,69,78,87,12,10.3,0,2,0
246,2.94,74,78,83,8,12.9,0,3,0
247,2.96,69,89,78,15,27.9,0,3,0
248,2.58,61,82,86,5,4.7,1,2,1
249,4.0,100,100,100,22,26.8,0,5,0
250,3.4,85,95,91,13,14.0,0,3,0
251,2.79,57,76,76,11,0.0,1,1,1
252,4.0,86,93,100,21,38.0,0,4,0
253,4.0,100,100,100,27,18.3,0,5,0
254,3.79,81,89,92,21,23.0,0,4,0
255,2.27,55,74,77,5,0.0,0,1,1
256,2.82,65,82,78,12,8.9,1,3,0
257,4.0,91,90,100,25,26.0,1,4,0
258,2.62,65,91,81,17,4.2,1,2,1
259,3.24,74,81,89,11,22.4,1,3,0
260,3.79,99,84,94,11,17.5,0,4,0
261,2.77,74,85,81,7,18.7,1,2,1
262,3.0,73,88,92,20,25.5,0,3,0
263,1.43,41,56,67,6,0.0,1,1,1
264,2.46,68,80,80,6,9.5,0,2,0
265,3.1,82,90,90,15,15.0,1,3,0
266,2.62,58,75,81,19,12.5,1,1,1
267,4.0,100,100,98,24,24.9,1,5,0
268,2.43,58,66,77,16,7.9,1,1,1
269,2.83,65,85,84,18,10.4,0,3,0
270,3.24,84,92,92,11,16.7,0,3,0
271,4.0,100,100,97,21,34.0,1,5,0
272,2.19,76,73,75,9,11.6,0,1,0
273,3.86,85,92,100,21,27.6,1,4,0
274,2.9,82,87,93,20,20.8,0,3,0
275,2.51,64,82,77,13,7.9,1,2,1
276,3.42,88,91,94,2,20.3,0,3,0
277,3.27,72,92,90,9,7.5,1,3,0
278,2.79,63,75,85,1,21.5,1,2,1
279,3.23,74,84,89,16,0.0,1,3,0
280,3.06,74,77,91,14,12.0,1,3,0
281,3.44,76,84,91,17,24.8,0,3,0
282,3.47,90,95,93,13,8.1,1,4,0
283,3.91,100,97,100,26,27.7,0,5,0
284,2.25,67,89,80,13,2.1,0,1,0
285,4.0,100,100,100,18,24.8,0,5,0
286,1.96,57,71,75,0,10.9,0,1,1
287,2.95,69,84,86,14,15.7,1,3,0
288,3.29,93,86,92,27,2.3,0,4,0
289,3.28,78,87,87,25,8.9,0,3,0
290,2.86,76,86,80,15,19.1,1,2,0
291,3.19,85,84,81,10,17.3,1,3,0
292,2.79,75,77,77,17,26.0,0,2,0
293,2.76,62,76,79,10,24.9,1,2,1
294,3.52,83,89,94,15,17.4,0,4,0
295,3.41,90,88,91,6,37.2,0,3,0
296,2.61,69,86,81,12,11.0,1,2,1
297,3.85,89,85,83,16,12.7,0,4,0
298,3.03,86,86,98,17,11.8,1,3,0
299,3.62,92,92,100,7,1.8,1,4,0
300,3.64,87,81,95,19,31.6,0,4,0
301,2.74,67,75,91,0,22.8,0,2,0
302,3.4,69,77,79,18,3.5,0,2,0
303,3.72,92,87,100,21,17.7,0,4,0
304,3.37,89,91,88,16,19.4,1,4,0
305,3.17,76,84,89,18,7.2,0,3,0
306,2.92,86,83,83,11,1.7,1,3,0
307,3.95,93,97,98,21,21.0,1,4,0
308,2.68,66,89,85,16,8.9,1,2,1
309,3.71,80,97,91,2,15.2,0,4,0
310,2.97,70,74,90,12,15.6,1,3,0
311,3.05,74,86,87,14,25.1,0,3,0
312,3.73,99,92,94,19,19.2,0,4,0
313,4.0,83,92,91,26,21.3,1,4,0
314,3.62,89,89,98,13,25.7,0,4,0
315,4.0,90,95,95,18,27.3,1,4,0
316,3.38,77,86,93,6,10.2,1,3,0
317,3.71,77,87,99,26,19.9,0,4,0
318,3.09,73,78,77,12,17.5,1,3,0
319,3.47,81,85,96,14,7.9,0,3,0
320,2.74,80,85,97,14,24.3,0,3,0
321,3.2,81,89,90,19,27.0,1,3,0
322,3.73,78,94,95,19,12.8,0,4,0
323,2.7,75,76,87,25,11.6,1,2,0
324,4.0,100,100,100,27,32.7,1,5,0
325,2.59,67,82,81,8,4.6,1,2,1
326,2.81,63,82,72,7,11.6,1,2,1
327,4.0,89,93,97,18,23.3,1,4,0
328,3.66,89,90,96,11,8.0,0,4,0
329,3.76,88,91,95,18,22.4,1,4,0
330,3.5,75,84,98,22,10.0,0,4,0
331,2.85,75,84,84,12,22.4,1,3,0
332,2.48,66,82,79,7,4.2,1,2,1
333,3.56,80,89,98,23,14.2,1,3,0
334,2.74,77,79,82,5,21.9,0,2,0
335,3.74,85,93,96,9,24.8,1,4,0
336,3.05,73,80,87,9,5.5,1,3,0
337,3.09,65,82,78,4,1.9,1,2,1
338,3.33,69,82,94,15,8.3,0,3,0
339,3.89,81,87,88,15,20.6,1,3,0
340,2.83,76,79,78,11,14.5,0,2,0
341,2.77,62,79,80,17,3.3,1,2,1
342,3.04,83,85,80,13,7.1,0,3,0
343,3.64,71,90,87,20,18.7,1,3,0
344,2.66,69,79,79,20,10.5,1,2,1
345,2.96,70,89,88,11,29.4,1,3,0
346,3.12,91,94,86,20,16.7,0,3,0
347,2.21,59,70,82,7,20.8,1,1,1
348,2.19,48,75,84,13,0.0,0,1,1
349,2.65,57,76,87,4,0.0,1,2,1
350,2.96,76,82,85,6,4.8,1,3,0
351,3.28,85,97,91,14,26.4,1,3,0
352,4.0,98,95,91,17,37.9,1,5,0
353,3.49,89,93,94,16,13.9,0,4,0
354,3.15,83,87,82,13,10.4,0,3,0
355,3.43,75,80,91,19,5.5,0,3,0
356,2.5,71,73,93,8,0.0,1,2,1
357,3.05,68,79,90,11,20.6,1,3,0
358,2.98,69,78,76,12,15.1,0,3,0
359,3.63,71,73,89,13,17.0,1,3,0
360,2.74,66,82,82,7,0.0,0,2,0
361,3.41,84,99,92,9,31.2,0,3,0
362,4.0,97,97,96,22,20.2,0,5,0
363,2.91,77,77,88,12,18.6,0,3,0
364,3.58,77,85,85,22,5.8,0,3,0
365,3.7,85,88,88,11,17.6,0,4,0
366,2.9,64,77,88,10,14.9,1,3,0
367,3.17,89,91,85,25,19.0,1,3,0
368,3.03,76,89,91,10,16.3,0,3,0
369,3.37,76,80,82,14,19.5,0,3,0
370,2.98,78,83,91,5,1.3,1,2,0
371,3.09,71,93,84,8,16.7,1,3,0
372,3.59,77,98,91,25,18.9,1,3,0
373,3.65,89,100,100,22,25.6,0,5,0
374,3.66,89,88,92,20,21.3,1,4,0
375,4.0,100,100,100,16,17.7,0,5,0
376,2.56,73,77,85,13,0.0,1,2,1
377,3.54,100,89,99,25,2.5,1,4,0
378,3.18,67,88,93,22,22.6,0,3,0
379,4.0,100,99,100,28,34.8,1,5,0
380,2.68,65,81,81,6,16.9,1,2,1
381,2.25,64,72,93,13,12.4,1,2,1
382,2.42,67,79,88,16,0.0,1,2,1
383,1.8,47,75,67,0,0.0,1,1,1
384,2.98,82,81,85,7,13.2,1,2,0
385,2.2,74,80,81,16,11.5,0,2,0
386,3.19,80,89,88,20,14.1,1,3,0
387,3.3,90,93,84,9,20.0,0,3,0
388,4.0,91,91,100,27,26.4,0,5,0
389,3.69,81,95,100,20,21.7,0,4,0
390,2.93,58,79,87,16,6.4,0,2,0
391,2.69,63,79,69,8,17.5,1,2,1
392,3.07,85,94,98,20,14.5,1,3,0
393,2.56,63,69,84,13,0.0,0,1,1
394,4.0,100,94,100,21,19.8,1,5,0
395,4.0,84,84,100,20,19.3,1,4,0
396,3.7,77,79,80,10,20.1,1,3,0
397,1.76,59,79,73,16,4.4,1,1,1
398,4.0,99,95,100,20,21.6,0,5,0
399,3.07,65,77,86,10,4.3,1,3,0
400,4.0,95,92,88,17,28.7,1,4,0
401,2.23,52,66,76,8,0.2,1,1,1
402,2.76,68,75,83,16,10.6,1,2,1
403,3.09,81,87,94,8,26.9,0,3,0
404,3.29,79,79,88,24,19.4,1,3,0
405,2.63,67,87,83,15,0.0,0,3,0
406,3.72,86,89,98,20,4.6,1,4,0
407,2.48,56,77,81,10,8.1,1,2,1
408,2.89,83,83,83,14,4.4,1,3,0
409,3.18,78,90,95,15,20.9,1,3,0
410,3.76,91,93,93,22,18.4,0,3,0
411,3.52,83,92,93,18,20.6,0,4,0
412,2.6,61,79,80,14,2.6,1,2,1
413,2.13,55,72,71,6,19.7,1,1,1
414,4.0,99,97,95,22,45.4,1,4,0
415,3.54,78,86,91,12,14.8,1,3,0
416,3.12,73,79,81,18,13.3,1,2,1
417,4.0,94,95,100,18,25.1,0,5,0
418,3.4,68,84,90,14,13.6,1,3,0
419,3.93,89,90,100,19,15.4,0,4,0
420,3.5,72,88,89,14,6.7,0,3,0
421,4.0,100,100,100,28,18.3,0,5,0
422,4.0,92,100,100,21,28.8,1,5,0
423,3.01,81,77,86,21,9.3,0,3,0
424,3.77,89,99,95,15,0.2,0,4,0
425,3.61,85,88,88,19,22.4,1,4,0
426,4.0,98,98,100,17,22.9,1,5,0
427,2.6,72,73,81,13,20.0,0,2,0
428,3.65,86,91,91,18,22.1,0,4,0
429,4.0,86,95,100,19,9.5,1,4,0
430,2.34,46,64,69,13,0.0,1,1,1
431,2.66,60,79,77,6,2.1,1,2,1
432,1.89,50,76,78,9,0.0,1,1,1
433,2.86,75,82,88,10,20.9,1,3,0
434,3.82,85,97,93,19,19.2,1,4,0
435,4.0,100,95,100,16,33.1,0,5,0
436,3.54,75,90,89,12,4.8,0,3,0
437,4.0,97,86,93,22,32.5,0,5,0
438,2.33,69,87,76,18,12.5,1,1,1
439,1.85,60,80,83,8,0.0,0,1,1
440,3.09,77,83,84,23,25.2,1,3,0
441,3.63,79,78,89,18,18.1,1,3,0
442,3.09,74,86,85,13,17.9,0,3,0
443,2.09,48,62,72,13,0.0,1,1,1
444,3.11,74,87,84,17,24.7,1,3,0
445,2.48,67,77,81,6,0.0,1,1,1
446,3.37,85,85,94,20,25.7,1,4,0
447,3.44,74,93,95,15,23.8,0,3,0
448,2.04,77,82,76,1,1.6,0,2,0
449,2.85,74,86,82,17,27.8,0,2,0
450,2.24,57,77,79,16,10.5,0,2,1
451,3.4,75,77,90,24,19.9,0,3,0
452,3.93,90,97,91,21,8.5,0,4,0
453,2.7,76,76,85,9,26.0,1,2,0
454,3.81,77,82,98,21,8.2,0,3,0
455,2.69,77,88,79,17,20.0,1,2,0
456,3.07,77,90,80,20,2.3,0,2,0
457,3.32,73,84,85,14,9.4,1,3,0
458,2.53,64,88,93,10,15.1,0,2,0
459,3.09,65,81,82,9,19.9,0,2,0
460,2.26,62,74,87,12,0.0,0,2,1
461,4.0,100,97,96,16,35.5,0,5,0
462,3.1,82,93,83,19,23.6,1,3,0
463,2.67,76,76,79,15,3.3,1,2,0
464,3.12,76,90,85,19,29.1,1,3,0
465,3.38,65,81,86,15,2.7,1,3,0
466,3.02,75,81,83,22,8.7,1,3,0
467,3.64,87,95,89,22,22.5,1,4,0
468,3.54,89,89,99,15,12.7,0,4,0
469,2.52,70,79,90,10,13.9,0,2,0
470,2.91,72,86,88,8,13.5,0,2,0
471,2.65,84,91,89,17,11.9,1,3,0
472,1.81,53,71,71,0,7.8,1,1,1
473,2.02,58,70,74,14,4.1,1,1,1
474,4.0,91,93,93,28,25.1,1,5,0
475,4.0,97,98,100,18,34.0,1,5,0
476,3.07,85,85,80,13,19.8,1,3,0
477,3.8,84,84,87,18,24.7,0,4,0
478,3.22,82,91,96,21,7.7,0,3,0
479,4.0,100,100,100,37,37.7,0,5,0
480,3.91,98,85,98,12,14.7,1,4,0
481,3.18,88,79,93,13,4.0,0,3,0
482,2.88,69,75,80,9,8.7,0,2,0
483,2.38,59,73,69,1,0.0,1,1,1
484,3.38,81,96,93,13,22.5,1,3,0
485,2.42,55,81,85,14,17.0,1,2,1
486,2.15,65,70,78,7,0.0,1,1,1
487,2.79,71,81,82,4,4.5,1,2,1
488,2.57,68,75,85,25,0.0,1,2,1
489,3.99,94,99,96,24,21.4,1,5,0
490,4.0,86,95,91,20,23.9,1,4,0
491,3.5,75,91,83,9,13.0,0,3,0
492,4.0,100,96,100,23,19.2,1,5,0
493,3.26,77,94,83,15,25.9,1,3,0
494,2.64,80,83,78,2,0.0,1,2,0
495,3.92,99,93,96,17,34.0,1,5,0
496,3.54,77,100,91,21,13.9,0,3,0
497,2.63,65,79,73,20,8.2,1,2,1
498,2.84,72,79,87,16,9.6,1,3,0
499,2.74,54,87,88,17,22.1,1,2,1
500,2.34,71,85,78,8,0.0,1,1,1
501,3.37,93,92,100,19,20.7,1,4,0
502,4.0,100,97,100,29,30.7,1,5,0
503,2.28,62,74,81,17,0.0,0,1,1
504,3.92,76,93,93,24,11.0,1,4,0
505,2.92,67,87,83,7,9.9,1,2,1
506,2.64,77,84,88,12,5.0,1,3,0
507,2.94,65,81,82,14,4.9,0,2,0
508,2.37,52,86,72,10,7.0,0,2,1
509,3.45,77,84,91,17,20.5,0,3,0
510,2.61,67,84,76,15,7.3,0,2,0
511,3.34,82,86,85,21,25.3,0,3,0
512,3.44,82,87,88,23,6.7,0,3,0
513,2.8,79,83,86,12,3.6,0,3,0
514,2.38,69,78,74,4,25.0,0,2,1
515,2.74,78,79,85,14,6.3,1,2,0
516,3.86,78,97,98,28,9.0,0,4,0
517,3.2,87,85,86,15,4.1,0,3,0
518,2.05,70,74,87,14,17.7,0,2,0
519,3.17,72,96,81,19,12.9,0,3,0
520,3.76,78,96,100,19,17.5,0,4,0
521,2.44,53,61,73,8,3.7,0,1,1
522,3.43,81,86,93,13,26.4,1,4,0
523,2.72,75,71,74,1,9.6,1,2,0
524,3.77,81,85,92,12,37.2,1,4,0
525,2.37,64,64,83,10,11.5,1,2,1
526,2.04,53,71,74,12,12.7,1,1,1
527,2.26,65,67,73,7,11.7,1,1,1
528,3.32,79,86,84,13,15.0,1,3,0
529,3.25,80,79,96,12,11.9,0,3,0
530,2.66,66,79,81,14,12.2,1,2,1
531,3.09,93,88,100,25,22.9,0,4,0
532,2.07,54,80,73,13,0.5,0,1,1
533,3.25,85,92,85,18,15.9,1,3,0
534,2.28,65,80,83,2,17.6,1,2,1
535,2.82,69,78,75,10,27.6,0,2,0
536,3.32,94,95,82,25,22.1,0,3,0
537,2.62,61,71,87,17,24.7,1,2,1
538,3.0,71,75,79,6,7.7,1,3,0
539,3.61,83,92,86,19,26.7,1,4,0
540,2.81,77,92,93,14,22.2,1,2,0
541,3.82,98,90,87,15,12.8,1,4,0
542,2.55,74,76,80,0,4.3,1,2,1
543,3.4,92,82,92,18,32.1,0,3,0
544,4.0,94,100,85,18,15.8,0,5,0
545,1.86,46,71,68,0,0.0,1,1,1
546,2.31,58,83,84,10,22.4,0,2,0
547,3.78,97,86,94,17,28.0,0,4,0
548,3.01,78,80,91,14,17.2,0,3,0
549,3.51,80,81,89,12,16.9,1,3,0
550,3.08,79,81,87,11,7.9,1,2,0
551,2.98,73,80,85,7,17.8,0,3,0
552,2.96,79,78,80,16,26.7,0,3,0
553,3.84,91,92,90,6,23.9,1,4,0
554,3.2,85,84,83,15,33.9,1,3,0
555,3.75,82,85,96,21,9.8,0,3,0
556,2.78,64,84,77,8,12.4,1,3,0
557,2.8,73,82,86,16,9.1,1,3,0
558,2.98,79,80,83,19,3.7,0,3,0
559,3.2,83,89,90,0,16.1,1,3,0
560,2.87,78,77,92,12,15.8,0,3,0
561,3.44,75,88,88,2,20.9,0,3,0
562,4.0,100,100,100,24,44.8,0,5,0
563,3.7,85,84,95,19,23.9,1,4,0
564,2.9,79,88,85,1,22.2,1,3,0
565,3.62,93,90,100,30,22.7,1,4,0
566,3.02,77,82,78,15,26.0,0,3,0
567,2.33,60,76,79,2,22.0,1,1,1
568,2.6,70,82,84,18,13.2,1,2,1
569,2.12,57,71,72,0,0.0,1,1,1
570,3.13,68,81,94,7,8.5,1,3,0
571,2.96,78,90,79,4,17.4,1,3,0
572,4.0,95,100,98,32,28.7,0,5,0
573,3.44,80,84,84,18,22.5,1,3,0
574,3.39,73,79,88,17,17.4,1,3,0
575,3.55,82,81,89,20,20.0,1,4,0
576,2.24,40,69,74,8,0.0,0,1,1
577,3.5,77,86,89,16,19.6,1,3,0
578,3.77,88,96,91,20,34.5,0,4,0
579,2.36,52,76,79,9,14.3,1,1,1
580,3.84,92,100,95,17,26.1,0,4,0
581,3.64,93,84,85,16,25.3,1,3,0
582,2.98,79,88,99,14,9.5,0,3,0
583,3.19,95,87,90,18,14.7,0,4,0
584,4.0,100,100,94,18,22.6,0,5,0
585,3.27,87,79,85,9,15.1,1,3,0
586,3.41,77,88,84,22,13.1,0,3,0
587,2.91,69,72,89,11,21.9,0,3,0
588,2.93,51,77,83,14,6.1,1,2,1
589,3.31,95,93,96,13,13.6,1,4,0
590,2.72,77,76,80,4,25.4,1,2,0
591,2.88,76,80,87,11,11.8,1,3,0
592,3.07,71,86,83,12,13.4,0,3,0
593,3.47,79,88,91,14,21.5,1,3,0
594,3.48,84,85,95,23,7.9,1,3,0
595,3.65,97,93,97,21,31.1,0,4,0
596,3.15,61,94,87,22,17.0,1,2,1
597,3.25,77,89,88,16,25.8,0,3,0
598,2.73,65,83,85,0,3.7,0,2,0
599,2.91,73,84,86,18,13.1,1,3,0
600,3.54,85,89,93,9,17.6,0,3,0
601,3.51,86,79,100,20,21.7,0,4,0
602,2.82,66,75,78,7,0.0,1,2,1
603,4.0,87,89,90,30,21.1,0,4,0
604,4.0,100,86,92,28,11.7,1,5,0
605,3.3,85,82,92,13,20.3,1,3,0
606,4.0,100,89,93,23,9.2,0,5,0
607,2.48,61,79,85,13,0.0,0,2,1
608,2.57,61,80,78,14,14.1,1,1,1
609,2.22,62,77,80,7,-0.0,1,1,1
610,3.72,96,98,96,17,16.1,0,5,0
611,3.36,90,85,92,14,29.1,1,4,0
612,3.11,88,75,93,15,17.3,0,3,0
613,3.31,88,78,97,22,23.7,0,3,0
614,2.28,65,70,76,12,6.9,1,2,1
615,4.0,100,99,100,22,51.1,1,5,0
616,3.33,64,85,90,19,10.9,0,3,0
617,3.23,78,81,91,14,29.6,1,3,0
618,3.48,85,92,92,23,18.9,1,4,0
619,3.7,86,87,98,30,4.6,1,3,0
620,3.67,80,87,80,14,20.2,1,3,0
621,2.63,67,85,80,15,12.8,1,2,1
622,3.36,73,83,94,13,9.4,1,3,0
623,4.0,95,100,100,23,18.9,0,5,0
624,3.94,97,95,100,21,22.9,0,5,0
625,4.0,100,95,100,21,27.4,0,5,0
626,3.04,71,86,83,25,0.0,1,2,1
627,2.22,68,82,87,9,17.5,1,2,1
628,3.39,82,79,83,17,10.3,1,3,0
629,3.25,74,85,93,6,4.7,0,3,0
630,3.77,93,95,100,22,29.1,0,4,0
631,2.17,53,71,81,13,4.7,0,1,1
632,4.0,100,99,100,19,33.9,0,5,0
633,2.76,77,85,85,2,17.6,1,3,0
634,3.24,75,91,77,13,12.4,0,3,0
635,2.6,61,70,82,11,7.7,0,2,0
636,2.3,62,72,70,11,8.9,0,1,1
637,3.88,100,87,90,29,16.6,0,4,0
638,3.04,73,89,83,13,8.6,0,3,0
639,2.52,60,67,76,5,12.1,1,1,1
640,2.37,64,77,78,3,6.1,0,1,1
641,3.17,79,79,87,14,13.3,0,3,0
642,3.78,95,94,98,25,33.7,0,5,0
643,3.02,58,76,91,11,12.5,1,3,0
644,2.18,68,71,76,12,6.1,1,1,1
645,3.14,80,89,82,16,8.7,0,3,0
646,3.13,64,83,87,14,16.8,0,3,0
647,1.44,42,68,78,0,1.6,1,1,1
648,3.02,87,93,89,12,21.9,1,3,0
649,3.04,84,85,84,2,9.0,0,3,0
650,3.44,92,87,86,19,15.5,1,4,0
651,4.0,99,100,100,23,32.4,0,5,0
652,3.8,92,91,98,21,23.8,1,4,0
653,2.46,74,80,84,16,6.1,0,3,0
654,2.46,71,69,71,12,18.8,1,2,1
655,4.0,100,100,100,26,16.9,1,5,0
656,2.91,74,84,96,16,21.6,0,3,0
657,2.96,84,86,95,8,5.0,1,3,0
658,3.21,77,80,83,12,29.9,0,3,0
659,3.58,89,89,93,16,3.8,0,3,0
660,3.18,72,80,81,11,23.4,0,3,0
661,2.73,71,80,91,17,10.9,1,2,1
662,2.96,66,85,85,9,8.8,0,2,0
663,3.09,78,89,93,16,16.3,1,3,0
664,2.74,63,81,75,13,16.8,0,2,0
665,2.54,67,71,86,16,3.5,0,2,0
666,2.91,71,100,89,20,9.1,1,3,0
667,2.97,79,92,90,17,18.7,1,3,0
668,4.0,100,100,100,11,10.4,1,5,0
669,1.59,36,61,68,9,0.0,1,1,1
670,3.77,99,93,93,28,45.9,1,4,0
671,3.76,100,92,100,18,14.7,0,4,0
672,2.08,53,76,72,7,11.7,1,1,1
673,2.73,70,84,81,9,8.3,0,3,0
674,3.13,90,78,81,4,16.8,0,3,0
675,2.16,53,72,70,5,11.8,1,1,1
676,2.58,69,85,80,9,19.4,0,2,0
677,2.24,66,85,85,8,6.7,0,2,0
678,4.0,100,100,100,18,41.4,0,5,0
679,3.96,91,96,92,16,15.9,1,4,0
680,4.0,90,93,100,21,24.5,1,4,0
681,3.83,81,74,89,14,21.3,1,4,0
682,2.63,62,78,80,13,0.0,1,2,1
683,2.66,66,81,83,16,9.6,1,2,1
684,3.43,84,89,96,29,19.2,1,3,0
685,2.31,60,76,71,15,4.2,1,2,1
686,3.89,78,84,89,19,38.8,1,4,0
687,2.82,83,86,78,11,6.8,0,3,0
688,3.15,71,85,84,15,22.2,1,3,0
689,3.81,79,94,99,20,26.1,0,4,0
690,3.83,82,93,89,14,17.6,0,3,0
691,2.9,74,85,83,17,5.9,1,3,0
692,4.0,81,92,100,13,15.8,0,4,0
693,3.01,67,77,85,9,4.4,1,2,1
694,3.45,79,90,92,21,4.4,0,4,0
695,3.25,95,90,96,16,10.5,1,4,0
696,2.64,77,88,80,13,1.3,1,3,0
697,3.54,80,91,97,16,27.7,1,3,0
698,2.07,59,86,89,5,12.4,1,1,1
699,3.68,88,100,98,25,26.8,1,4,0
700,3.18,79,84,76,9,18.6,0,3,0
701,2.92,72,62,81,14,13.2,1,2,1
702,3.91,89,99,99,22,33.0,0,4,0
703,2.82,70,77,81,7,5.9,1,2,1
704,2.61,57,70,84,9,7.4,1,1,1
705,2.08,57,71,79,3,11.6,1,1,1
706,3.43,73,87,89,25,8.1,0,4,0
707,2.28,68,78,79,4,32.1,1,1,1
708,4.0,100,90,97,20,25.8,0,5,0
709,2.13,48,64,71,0,3.6,1,1,1
710,4.0,100,99,98,16,35.2,1,5,0
711,3.56,81,90,95,24,23.6,1,3,0
712,2.91,71,87,98,17,14.7,1,3,0
713,3.21,77,77,77,13,12.8,1,2,0
714,3.74,85,83,81,14,5.4,1,3,0
715,3.32,80,82,86,19,10.3,1,3,0
716,4.0,89,94,89,16,25.8,1,4,0
717,2.94,82,93,89,19,19.2,1,3,0
718,3.19,78,76,93,11,25.7,0,3,0
719,2.83,77,81,93,10,11.9,1,3,0
720,3.31,66,78,89,19,3.6,0,3,0
721,3.17,79,79,89,21,25.3,1,3,0
722,2.33,68,77,65,10,16.2,1,1,1
723,2.67,57,78,78,4,14.1,0,1,0
724,3.78,83,93,94,16,18.2,0,4,0
725,3.36,77,91,92,17,24.4,1,3,0
726,2.89,69,81,83,10,41.3,1,3,0
727,3.04,65,83,86,22,16.0,1,3,0
728,3.66,81,99,83,5,6.6,0,3,0
729,3.03,72,80,72,9,7.1,1,2,1
730,2.73,68,83,77,9,15.3,1,2,1
731,3.23,79,87,82,2,3.3,0,3,0
732,2.21,67,68,82,4,10.5,0,2,0
733,3.23,89,78,88,20,20.5,0,3,0
734,2.56,56,69,73,7,17.1,1,1,1
735,3.56,87,98,91,27,31.7,0,4,0
736,3.52,82,92,75,25,24.8,0,3,0
737,3.56,85,91,97,18,0.0,0,3,0
738,3.54,98,87,90,21,28.3,0,4,0
739,4.0,94,100,98,23,30.6,0,5,0
740,4.0,91,88,88,6,23.1,1,4,0
741,2.1,58,72,79,0,0.0,1,1,1
742,3.01,57,75,79,10,1.1,0,1,1
743,2.49,71,79,79,15,1.9,1,2,1
744,3.43,70,92,86,17,0.0,1,3,0
745,3.48,74,85,100,13,18.1,1,3,0
746,2.92,71,73,82,16,4.3,0,2,0
747,3.4,78,87,88,23,37.1,1,3,0
748,2.6,70,77,78,16,9.1,0,2,0
749,2.88,71,97,74,17,21.7,1,2,1
750,1.98,55,78,77,6,0.0,1,1,1
751,2.77,67,76,83,16,5.2,1,2,1
752,2.45,54,70,83,10,7.7,1,1,1
753,2.74,75,68,69,13,1.9,0,2,0
754,4.0,83,88,90,22,17.9,0,4,0
755,2.7,65,78,78,10,7.6,0,2,0
756,4.0,100,100,100,23,28.9,1,5,0
757,3.32,87,94,91,17,32.8,1,3,0
758,3.17,78,88,89,21,19.1,1,3,0
759,2.92,65,77,84,9,13.7,1,2,1
760,3.91,92,92,89,23,23.5,1,4,0
761,2.81,71,78,88,16,16.4,0,2,0
762,3.28,83,95,91,14,15.1,1,3,0
763,4.0,100,100,100,33,27.8,1,5,0
764,3.38,68,84,95,13,15.8,0,3,0
765,4.0,92,83,100,28,31.2,1,4,0
766,3.17,68,79,87,14,19.8,0,2,0
767,3.0,81,89,73,15,12.9,0,3,0
768,4.0,99,93,100,19,31.8,0,5,0
769,2.87,72,77,87,12,9.7,1,2,1
770,4.0,90,100,100,22,26.1,0,5,0
771,3.58,98,83,99,12,15.5,1,4,0
772,2.69,70,86,92,11,10.2,1,2,1
773,3.76,90,87,97,14,29.5,0,4,0
774,3.93,85,90,100,22,21.6,1,4,0
775,3.39,87,84,100,24,19.8,1,4,0
776,2.53,51,75,77,2,0.0,1,1,1
777,3.0,72,92,75,20,8.2,0,2,0
778,3.08,73,87,85,13,11.6,1,3,0
779,3.17,77,80,89,10,7.9,1,3,0
780,3.68,90,95,93,22,18.9,1,4,0
781,3.13,73,85,83,14,12.6,1,3,0
782,2.4,58,82,70,9,7.6,0,1,1
783,3.0,85,92,87,15,18.3,0,3,0
784,3.74,98,75,97,14,11.0,0,4,0
785,3.22,84,84,100,21,15.2,1,4,0
786,4.0,95,98,100,18,22.1,1,4,0
787,3.63,87,92,100,12,29.5,1,4,0
788,3.43,95,83,91,20,19.8,1,3,0
789,3.03,67,81,79,9,9.3,1,3,0
790,2.15,59,63,73,2,8.2,1,1,1
791,3.74,73,88,90,23,31.2,1,3,0
792,2.83,65,98,87,10,23.6,0,3,0
793,3.62,83,91,90,5,21.0,0,3,0
794,2.5,64,86,81,12,13.1,1,1,1
795,2.31,63,81,84,9,20.0,1,2,1
796,3.62,90,98,95,19,29.9,0,4,0
797,3.51,96,95,78,13,19.3,0,3,0
798,3.42,85,92,91,19,27.6,1,4,0
799,2.99,81,84,88,11,6.5,0,3,0
800,3.45,74,90,94,23,3.2,0,3,0
801,3.83,91,99,92,12,21.9,0,4,0
802,2.7,70,79,87,15,12.5,1,2,1
803,3.3,77,82,90,19,11.2,1,3,0
804,2.72,83,82,85,9,18.8,1,3,0
805,3.16,80,86,89,8,0.0,1,3,0
806,3.23,75,87,82,19,8.9,0,3,0
807,3.44,67,80,87,11,12.5,0,3,0
808,2.99,70,91,84,10,0.0,1,3,0
809,4.0,100,91,94,25,34.5,0,4,0
810,2.66,66,77,84,11,0.0,0,2,0
811,2.85,82,79,83,5,9.2,1,3,0
812,3.03,81,95,86,22,19.6,1,3,0
813,4.0,97,97,98,19,28.9,0,5,0
814,3.11,75,82,91,14,7.3,1,3,0
815,3.75,76,97,93,21,26.7,1,4,0
816,2.39,64,78,75,11,8.4,1,1,1
817,3.35,76,86,90,26,35.3,1,3,0
818,3.54,90,96,96,11,23.6,0,4,0
819,3.47,71,81,89,20,14.4,1,3,0
820,4.0,89,91,100,24,14.5,0,4,0
821,2.93,72,71,79,12,5.9,1,2,1
822,3.86,97,89,98,25,16.8,1,5,0
823,4.0,99,100,97,30,39.8,0,5,0
824,3.03,81,90,87,6,13.0,1,3,0
825,3.15,69,82,79,22,16.8,0,3,0
826,4.0,85,100,98,14,35.8,1,5,0
827,4.0,96,96,98,16,5.6,0,5,0
828,2.77,72,80,85,11,22.1,1,2,1
829,2.73,74,82,82,23,12.9,1,3,0
830,3.2,83,82,83,12,16.8,0,3,0
831,2.58,60,74,85,9,0.3,1,1,1
832,2.34,66,84,83,18,3.4,0,2,0
833,2.92,59,78,78,9,12.9,1,2,1
834,2.85,74,83,81,6,29.5,1,2,1
835,3.46,79,90,96,13,22.8,0,3,0
836,3.07,78,89,89,23,26.5,0,3,0
837,3.86,85,92,96,22,22.8,0,5,0
838,2.57,75,71,77,20,4.2,0,2,0
839,3.89,82,93,93,23,14.7,0,4,0
840,3.43,72,83,83,11,9.8,1,3,0
841,3.31,80,85,81,15,0.0,1,3,0
842,3.56,79,90,87,14,13.2,1,4,0
843,2.32,56,89,75,7,3.8,1,2,1
844,3.68,70,81,94,39,15.9,1,3,0
845,3.11,84,76,87,21,17.1,0,3,0
846,3.82,81,90,91,22,20.9,1,3,0
847,3.32,99,85,97,13,16.6,0,3,0
848,4.0,100,100,100,34,25.1,1,5,0
849,2.95,65,83,82,18,0.0,1,2,1
850,2.85,68,87,81,22,7.2,0,2,0
851,2.72,72,73,79,21,3.5,1,2,1
852,2.8,69,78,87,5,15.4,1,2,1
853,2.9,74,82,82,7,18.4,1,2,1
854,3.93,86,98,95,15,29.6,0,4,0
855,3.93,87,100,95,17,29.6,1,5,0
856,2.82,60,85,80,14,10.5,1,2,1
857,2.72,55,78,83,8,5.8,0,2,0
858,3.06,81,84,85,27,11.9,1,3,0
859,2.96,70,78,89,22,0.0,0,2,0
860,3.38,82,87,90,18,26.7,1,4,0
861,3.09,88,90,89,26,14.8,1,3,0
862,1.95,67,75,70,16,0.0,1,1,1
863,3.77,95,90,100,20,17.7,0,5,0
864,4.0,89,96,100,13,18.8,0,5,0
865,2.69,67,85,83,11,11.7,0,2,0
866,3.36,70,84,92,10,21.2,1,3,0
867,3.27,77,90,91,17,13.9,1,3,0
868,3.44,78,89,87,17,0.0,1,3,0
869,3.68,82,98,89,18,17.4,0,4,0
870,4.0,100,100,100,27,25.8,0,5,0
871,3.08,72,82,93,8,12.1,0,3,0
872,2.48,70,74,83,13,5.2,1,2,1
873,2.66,64,76,81,7,8.5,1,1,1
874,3.12,64,67,86,13,11.1,1,2,1
875,2.84,85,84,95,20,14.6,0,3,0
876,4.0,94,97,92,17,29.1,0,5,0
877,2.83,62,74,87,11,8.5,0,2,0
878,3.14,83,82,95,15,12.5,1,3,0
879,3.29,73,89,81,12,25.9,1,3,0
880,3.77,94,95,92,25,26.6,1,4,0
881,4.0,94,100,100,23,36.8,1,5,0
882,3.12,80,83,80,10,21.6,1,2,0
883,2.95,76,82,82,9,16.3,1,3,0
884,4.0,82,99,97,25,28.7,1,4,0
885,3.83,77,91,97,16,6.5,0,4,0
886,4.0,100,92,100,26,27.7,0,5,0
887,3.39,81,98,88,28,17.0,0,4,0
888,3.0,69,84,81,13,26.3,1,3,0
889,3.73,71,86,99,23,26.0,1,4,0
890,3.89,89,87,100,28,16.6,1,4,0
891,3.38,86,93,95,24,22.9,0,4,0
892,3.34,88,88,94,17,19.4,1,3,0
893,3.83,82,100,96,23,25.0,1,4,0
894,3.89,83,92,99,14,13.9,0,4,0
895,4.0,97,91,97,17,26.2,1,5,0
896,3.31,92,94,94,15,17.1,0,4,0
897,3.2,67,88,79,25,16.3,1,3,0
898,3.59,86,87,86,12,10.1,1,3,0
899,4.0,93,97,94,16,17.6,1,4,0
900,2.63,75,79,80,6,19.5,0,2,0
901,3.52,82,89,86,19,8.8,0,3,0
902,3.08,58,88,82,14,4.8,1,3,1
903,3.26,77,88,81,21,14.8,1,3,0
904,3.95,100,94,100,24,16.5,1,4,0
905,3.4,75,93,89,9,9.1,0,3,0
906,2.72,76,74,80,11,16.1,0,3,0
907,2.52,61,85,74,16,0.0,0,1,1
908,3.67,70,82,95,17,11.4,1,4,0
909,3.54,96,87,90,24,35.3,1,4,0
910,4.0,99,100,100,24,31.7,1,5,0
911,2.88,77,82,85,9,7.2,0,3,0
912,3.25,80,92,91,14,19.7,0,3,0
913,3.75,89,82,83,11,21.0,1,3,0
914,3.98,99,98,100,19,32.4,1,5,0
915,3.03,75,81,83,16,13.4,1,3,0
916,3.34,76,89,90,19,24.5,1,3,0
917,3.73,90,89,92,10,2.3,0,4,0
918,3.35,69,87,87,16,7.7,1,3,0
919,2.67,77,79,80,10,13.6,0,3,0
920,3.21,74,84,88,13,18.8,0,3,0
921,3.72,98,94,100,20,14.1,0,4,0
922,2.57,67,82,73,8,10.9,0,2,0
923,3.36,83,83,97,23,10.8,0,3,0
924,2.86,70,75,81,18,8.6,0,2,0
925,3.56,82,97,97,26,30.4,1,4,0
926,2.5,55,73,71,6,13.1,1,1,1
927,2.92,75,85,80,8,3.7,0,2,0
928,3.7,84,83,88,17,8.8,1,3,0
929,4.0,100,88,95,21,21.1,0,5,0
930,3.38,80,82,86,12,14.4,0,3,0
931,2.96,66,77,82,7,6.4,0,2,0
932,4.0,96,99,100,23,34.6,1,5,0
933,2.44,61,71,71,6,9.1,1,1,1
934,1.86,38,72,72,9,5.1,1,1,1
935,3.92,93,87,93,20,7.5,0,3,0
936,3.08,75,82,79,18,21.3,1,2,0
937,2.7,73,78,84,4,0.0,1,2,1
938,3.37,77,91,91,20,25.9,1,4,0
939,3.09,88,87,77,12,23.9,1,3,0
940,2.92,85,83,87,6,8.2,1,2,0
941,2.46,55,71,73,7,17.5,1,1,1
942,3.6,93,99,89,24,19.7,0,4,0
943,3.62,86,89,96,16,19.4,0,4,0
944,3.46,68,78,86,22,17.1,1,3,0
945,4.0,100,100,100,26,51.6,1,5,0
946,2.33,70,73,86,8,19.3,1,2,1
947,2.26,56,77,73,14,11.5,0,1,1
948,2.62,77,91,87,14,3.5,1,2,0
949,3.1,67,81,84,10,15.9,1,3,0
950,3.26,72,88,100,25,10.0,1,3,0
951,2.96,76,74,83,15,20.1,1,3,0
952,3.16,82,90,96,17,18.2,1,3,0
953,2.42,59,71,83,5,0.0,1,1,1
954,3.95,100,93,100,27,24.3,0,5,0
955,2.56,80,79,84,17,7.7,0,3,0
956,4.0,97,97,96,23,22.9,1,4,0
957,3.62,81,93,80,14,10.2,0,3,0
958,3.4,87,89,93,21,18.0,1,3,0
959,3.55,82,85,94,22,24.4,0,4,0
960,3.23,96,96,92,14,17.3,1,3,0
961,3.92,81,86,78,11,15.7,0,4,0
962,4.0,100,84,92,24,24.6,0,5,0
963,3.35,81,89,86,8,21.8,1,3,0
964,3.83,78,85,95,19,10.4,0,4,0
965,3.18,85,89,89,12,16.5,1,3,0
966,3.8,96,94,98,28,34.2,0,5,0
967,2.71,75,83,86,10,15.5,1,2,0
968,4.0,100,100,96,29,26.3,1,5,0
969,3.08,80,79,91,12,19.9,1,3,0
970,2.3,57,71,80,14,10.0,1,1,1
971,3.26,85,86,91,26,21.8,1,3,0
972,2.78,70,88,82,7,0.0,1,2,1
973,3.71,92,88,100,20,7.6,0,4,0
974,2.6,57,77,86,26,19.1,1,2,1
975,2.79,75,84,80,13,0.3,1,3,0
976,1.81,51,68,75,7,6.9,1,1,1
977,3.12,82,82,88,17,9.5,1,3,0
978,1.32,53,59,67,4,0.0,1,1,1
979,2.48,60,84,82,0,8.3,1,1,1
980,3.93,90,84,96,24,21.2,1,4,0
981,3.61,81,89,82,9,36.6,1,4,0
982,2.93,93,88,93,15,12.6,0,3,0
983,2.55,78,87,79,17,20.7,1,2,0
984,3.16,80,78,90,13,17.5,1,3,0
985,3.0,87,95,93,12,9.7,1,3,0
986,2.4,61,80,80,14,14.4,1,2,1
987,4.0,91,98,100,18,28.5,0,5,0
988,3.86,89,87,94,13,20.6,1,4,0
989,2.88,78,86,89,15,15.8,1,3,0
990,2.9,76,82,92,14,10.4,1,3,0
991,3.26,84,93,89,10,9.6,0,3,0
992,1.93,55,65,77,9,8.8,1,1,1
993,3.15,69,83,83,16,11.7,1,3,0
994,2.68,73,77,81,10,10.3,0,2,0
995,2.7,71,73,74,9,11.2,1,2,1
996,3.42,76,87,87,16,15.4,0,3,0
997,4.0,100,100,100,29,14.4,0,5,0
998,3.57,78,96,99,16,29.1,1,4,0
999,2.82,74,72,88,16,12.5,1,2,1
1000,3.47,78,95,91,20,16.8,0,4,0
1001,4.0,88,100,93,26,26.8,0,5,0
1002,3.63,85,90,97,19,22.4,0,4,0
1003,3.24,73,95,94,11,21.5,1,3,0
1004,2.82,67,79,87,10,15.4,1,2,1
1005,3.52,85,83,99,20,24.9,0,4,0
1006,3.16,88,86,90,26,28.2,1,3,0
1007,3.8,87,97,92,17,27.4,0,4,0
1008,3.57,76,86,89,22,17.5,1,4,0
1009,3.93,97,90,96,18,12.3,0,4,0
1010,2.77,67,84,84,13,25.1,1,2,1
1011,4.0,93,95,99,29,21.0,1,5,0
1012,3.14,83,89,89,20,12.4,0,3,0
1013,4.0,100,100,100,18,13.6,1,5,0
1014,2.44,76,82,79,9,13.6,1,2,0
1015,4.0,100,96,100,29,26.6,1,5,0
1016,3.41,75,88,90,17,4.1,0,3,0
1017,2.65,83,75,82,6,14.7,0,2,0
1018,2.99,73,88,81,9,8.1,1,3,0
1019,3.26,73,79,79,17,34.6,1,3,0
1020,3.01,89,94,98,22,13.0,1,3,0
1021,3.61,86,88,95,17,14.7,0,3,0
1022,2.36,74,82,76,25,4.6,1,2,1
1023,2.99,93,82,92,19,25.1,1,3,0
1024,4.0,100,96,100,23,24.9,1,5,0
1025,4.0,97,89,100,19,19.6,0,5,0
1026,3.23,84,83,99,12,23.3,0,3,0
1027,3.18,85,84,89,17,4.2,1,3,0
1028,3.69,70,87,82,13,20.7,1,3,0
1029,3.2,74,95,94,26,32.9,0,4,0
1030,2.38,62,75,82,18,13.4,0,2,0
1031,3.35,65,79,83,17,18.6,1,3,0
1032,2.57,55,65,78,2,11.9,1,1,1
1033,3.42,86,90,83,13,31.1,1,3,0
1034,3.34,80,97,98,24,28.6,0,4,0
1035,3.33,64,88,80,10,15.6,1,3,0
1036,4.0,97,100,95,28,31.7,0,5,0
1037,2.6,68,79,78,12,0.6,1,2,1
1038,2.16,50,83,79,9,12.4,1,1,1
1039,3.32,86,88,91,12,8.3,0,3,0
1040,3.8,95,96,92,19,18.3,1,4,0
1041,4.0,100,96,98,24,0.4,0,5,0
1042,3.21,80,75,79,18,15.5,1,3,0
1043,4.0,100,90,95,15,16.3,1,4,0
1044,2.96,75,85,93,14,23.7,1,3,0
1045,3.37,77,84,87,14,17.1,0,3,0
1046,3.79,86,100,99,22,29.3,1,4,0
1047,3.73,86,90,100,13,10.2,0,4,0
1048,2.55,68,79,73,1,13.8,1,1,1
1049,3.86,88,94,98,25,40.7,0,5,0
1050,4.0,89,94,100,14,29.4,0,5,0
1051,2.72,79,74,91,19,17.6,0,2,0
1052,3.12,89,84,83,16,18.7,1,3,0
1053,3.57,82,91,94,9,13.8,0,3,0
1054,3.86,86,87,90,14,22.7,1,3,0
1055,2.5,73,86,88,14,0.0,1,2,1
1056,2.79,79,81,79,9,7.6,1,2,0
1057,3.31,78,83,84,15,0.7,1,3,0
1058,3.93,98,100,93,24,16.4,1,4,0
1059,3.5,100,89,89,16,23.4,1,4,0
1060,2.72,77,88,89,9,16.8,0,3,0
1061,3.71,88,89,88,17,20.0,0,4,0
1062,1.34,48,67,64,9,0.0,1,1,1
1063,3.45,90,98,88,29,6.8,0,4,0
1064,2.4,71,73,80,0,1.6,1,1,1
1065,3.17,75,71,92,19,7.4,1,3,0
1066,2.54,63,77,78,11,3.0,1,2,1
1067,2.47,57,81,77,14,12.0,1,1,1
1068,4.0,99,96,99,17,15.1,0,4,0
1069,2.96,78,84,92,4,7.4,1,3,0
1070,3.59,79,79,93,19,0.4,1,3,0
1071,3.11,81,81,84,10,12.4,1,3,0
1072,3.75,75,91,83,10,9.2,0,3,0
1073,3.31,80,88,83,9,16.1,0,3,0
1074,2.47,65,81,79,12,0.0,1,1,1
1075,3.54,100,92,92,20,21.8,0,4,0
1076,2.96,67,83,85,17,10.9,1,2,1
1077,2.1,52,73,74,11,19.0,1,1,1
1078,2.82,67,77,79,11,16.4,1,3,0
1079,3.94,88,85,93,21,9.3,1,5,0
1080,3.5,96,94,100,16,10.0,0,4,0
1081,3.42,83,83,90,12,13.3,1,3,0
1082,3.26,76,79,94,9,5.5,1,3,0
1083,3.39,81,74,88,16,0.0,0,3,0
1084,4.0,100,100,100,30,38.3,0,5,0
1085,3.44,82,87,97,13,23.1,0,3,0
1086,3.2,81,91,91,23,21.7,1,3,0
1087,3.68,89,100,97,20,16.3,1,4,0
1088,3.16,72,76,90,17,19.9,0,3,0
1089,3.29,76,80,71,5,7.8,0,3,0
1090,3.0,75,82,95,5,15.5,1,3,0
1091,3.37,82,92,90,15,7.2,0,3,0
1092,3.3,78,77,89,19,26.9,0,3,0
1093,4.0,86,100,93,15,6.8,1,4,0
1094,2.94,73,86,89,24,25.2,0,3,0
1095,3.89,87,90,91,22,19.7,1,4,0
1096,3.38,81,83,90,10,10.6,1,3,0
1097,3.05,72,83,82,16,16.8,1,3,0
1098,2.2,55,75,74,18,8.9,1,1,1
1099,3.82,90,87,98,13,31.4,0,4,0
1100,3.36,78,89,90,19,19.6,0,3,0
1101,3.63,86,91,97,18,13.9,0,4,0
1102,1.32,45,59,61,6,0.0,1,1,1
1103,4.0,96,100,99,31,42.1,1,5,0
1104,3.12,78,86,88,12,24.9,1,3,0
1105,4.0,86,96,100,26,28.9,1,4,0
1106,2.42,72,83,71,21,15.1,1,2,1
1107,3.41,99,82,95,18,24.3,1,4,0
1108,2.78,60,86,77,14,17.9,1,2,1
1109,2.56,74,68,82,9,7.6,1,2,1
1110,4.0,97,96,96,24,15.6,1,5,0
1111,3.09,82,81,82,13,14.4,1,3,0
1112,3.35,73,90,94,20,9.8,0,3,0
1113,3.69,91,93,95,25,11.8,1,4,0
1114,3.58,79,88,90,17,12.2,1,3,0
1115,3.43,79,86,89,23,35.8,0,3,0
1116,3.57,76,83,93,24,18.3,0,3,0
1117,4.0,100,96,100,30,32.3,0,5,0
1118,3.11,72,88,87,12,4.9,1,3,0
1119,3.56,84,90,95,13,1.5,1,3,0
1120,4.0,89,100,100,16,14.8,0,4,0
1121,3.59,91,89,98,25,33.1,0,4,0
1122,3.98,93,97,97,14,24.8,0,4,0
1123,3.19,81,88,96,21,23.6,1,4,0
1124,2.52,66,82,81,4,14.1,1,2,1
1125,4.0,100,100,100,26,20.1,1,5,0
1126,2.32,60,77,84,10,19.2,1,2,1
1127,3.21,89,86,85,23,11.8,1,3,0
1128,2.9,78,84,77,17,21.7,0,2,0
1129,2.85,72,88,84,22,18.2,1,3,0
1130,3.27,73,84,95,24,2.7,0,3,0
1131,3.51,84,81,83,17,10.9,1,3,0
1132,3.33,80,87,93,11,3.3,1,3,0
1133,4.0,100,100,100,17,34.0,1,5,0
1134,3.62,84,94,97,7,17.5,0,3,0
1135,3.14,70,78,87,8,0.0,1,3,0
1136,3.83,83,86,89,20,23.8,1,4,0
1137,3.85,99,100,92,18,17.8,0,4,0
1138,2.54,60,70,73,9,0.0,1,2,1
1139,3.53,85,92,90,20,32.0,0,4,0
1140,3.71,92,87,92,17,20.1,0,4,0
1141,2.92,72,91,80,8,10.9,0,3,0
1142,3.99,94,91,100,21,20.1,1,5,0
1143,2.91,76,90,80,10,2.0,1,3,0
1144,3.27,84,87,96,14,5.3,0,3,0
1145,2.93,79,85,93,21,24.2,1,3,0
1146,2.99,77,75,93,14,11.3,1,3,0
1147,2.59,65,66,76,19,8.6,0,2,0
1148,2.38,58,73,79,16,0.0,1,1,1
1149,4.0,88,98,94,19,14.0,0,5,0
1150,2.61,69,73,86,6,14.8,0,2,0
1151,2.69,77,72,80,10,12.1,0,2,0
1152,2.02,47,72,70,11,16.1,1,1,1
1153,2.91,66,83,77,10,21.9,1,2,1
1154,2.24,57,74,66,14,5.2,1,1,1
1155,4.0,100,100,95,28,28.6,0,5,0
1156,3.88,93,87,100,16,18.5,1,4,0
1157,2.79,69,78,81,9,27.3,1,2,1
1158,4.0,100,100,100,29,37.7,0,5,0
1159,3.82,90,93,99,20,22.2,0,4,0
1160,3.45,65,83,95,10,14.7,0,3,0
1161,1.63,49,78,76,2,11.6,1,1,1
1162,4.0,100,95,100,25,33.4,1,5,0
1163,2.44,54,79,68,1,19.1,1,1,1
1164,2.28,49,81,87,11,0.0,0,1,1
1165,4.0,100,91,100,17,24.8,1,4,0
1166,4.0,100,100,100,12,25.5,0,5,0
1167,4.0,100,90,92,21,37.4,1,5,0
1168,3.66,84,86,97,14,30.8,1,4,0
1169,3.53,84,91,92,26,18.8,0,4,0
1170,3.78,91,95,94,16,32.4,0,4,0
1171,3.86,82,96,98,13,33.8,0,4,0
1172,3.54,82,95,92,19,17.3,0,3,0
1173,3.03,77,85,83,12,35.4,0,3,0
1174,3.33,69,90,86,11,14.4,0,3,0
1175,2.73,71,78,86,14,8.8,1,2,1
1176,3.05,73,87,88,9,20.2,1,3,0
1177,2.2,57,73,77,0,2.0,1,1,1
1178,3.11,70,86,92,23,15.1,1,3,0
1179,2.85,76,80,79,13,20.3,1,2,0
1180,2.52,70,69,81,9,8.5,0,2,0
1181,3.08,86,81,72,16,2.5,0,3,0
1182,3.96,93,96,96,24,26.3,0,5,0
1183,3.79,79,83,99,24,14.9,1,4,0
1184,2.5,71,77,74,4,12.5,1,1,1
1185,2.73,66,82,78,12,14.6,1,2,1
1186,3.59,85,94,90,17,32.4,1,4,0
1187,3.11,69,72,86,10,16.4,0,2,0
1188,3.12,82,90,89,15,22.4,1,3,0
1189,3.79,84,99,96,17,12.9,0,4,0
1190,2.59,74,78,72,14,15.6,1,2,1
1191,3.37,86,88,88,18,31.4,1,3,0
1192,2.57,56,76,77,1,1.5,1,1,1
1193,3.08,67,83,82,6,25.8,1,2,1
1194,3.6,88,87,87,15,12.5,1,3,0
1195,2.42,43,73,74,17,0.0,1,1,1
1196,3.4,82,93,96,13,20.0,0,3,0
1197,3.07,69,97,78,14,20.6,0,3,0
1198,3.6,82,82,100,15,25.6,0,4,0
1199,3.52,79,86,92,13,8.6,0,3,0
1200,3.97,92,89,98,22,26.7,0,5,0
1201,3.49,76,94,93,23,10.3,0,3,0
1202,3.23,66,79,78,15,0.5,1,3,0
1203,3.09,93,79,86,12,8.3,1,3,0
1204,3.36,96,92,91,31,12.3,1,3,0
1205,3.2,72,94,95,16,19.5,0,3,0
1206,3.29,88,89,88,12,24.5,1,3,0
1207,2.67,67,81,85,19,0.0,1,2,1
1208,3.07,71,82,80,10,13.8,0,2,0
1209,2.44,61,82,80,17,0.0,1,1,1
1210,4.0,95,94,100,19,30.5,0,5,0
1211,2.17,69,75,84,17,2.6,0,1,0
1212,2.52,70,78,82,13,2.4,1,2,1
1213,2.83,67,74,86,18,17.1,0,2,0
1214,3.31,81,90,98,29,15.7,0,4,0
1215,3.23,69,88,88,8,10.7,1,3,0
1216,3.92,83,97,100,27,4.7,0,4,0
1217,3.44,70,83,88,5,18.5,0,2,0
1218,3.83,74,88,89,11,23.2,1,3,0
1219,2.66,66,81,85,7,10.0,1,2,1
1220,4.0,100,97,100,27,15.7,1,5,0
1221,2.69,71,75,74,10,17.5,1,2,1
1222,3.73,82,88,89,16,11.5,1,3,0
1223,3.25,85,91,92,19,15.2,0,4,0
1224,3.09,94,90,83,20,36.0,1,3,0
1225,2.96,79,83,91,18,8.3,0,3,0
1226,3.24,74,82,73,20,20.2,1,3,0
1227,3.33,70,100,100,24,19.8,1,3,0
1228,3.33,79,88,94,14,17.2,0,3,0
1229,3.54,95,94,94,17,23.0,0,4,0
1230,4.0,100,100,100,28,31.3,0,5,0
1231,3.04,73,79,85,7,13.8,1,2,1
1232,2.21,59,74,75,5,6.4,0,1,1
1233,2.74,76,86,88,20,26.6,1,3,0
1234,4.0,94,95,100,26,20.0,1,5,0
1235,2.88,67,71,82,5,18.3,1,2,1
1236,4.0,100,94,100,15,31.4,0,5,0
1237,4.0,94,99,94,23,30.7,1,5,0
1238,2.84,72,80,84,18,20.6,1,2,1
1239,3.47,80,97,93,23,17.7,0,4,0
1240,3.91,100,90,100,23,9.8,0,5,0
1241,2.83,72,78,84,23,12.1,1,3,0
1242,3.18,70,91,92,14,5.8,1,3,0
1243,2.92,79,81,82,12,5.7,1,2,0
1244,2.62,71,82,82,0,0.0,1,2,1
1245,2.61,67,90,90,10,7.3,0,2,0
1246,2.43,66,72,78,14,2.9,1,2,1
1247,2.79,82,85,89,23,0.0,0,3,0
1248,2.77,73,78,82,7,16.0,0,2,0
1249,3.63,71,77,96,18,34.2,0,3,0
1250,1.97,65,72,75,13,10.5,1,1,1
1251,3.28,79,92,97,17,15.4,0,3,0
1252,3.77,86,94,94,7,19.6,1,4,0
1253,2.25,70,73,69,7,0.0,1,1,1
1254,3.33,84,86,94,20,18.0,1,3,0
1255,3.8,90,91,96,16,22.1,0,4,0
1256,2.08,50,82,82,8,1.0,1,2,1
1257,4.0,100,95,87,17,38.5,0,5,0
1258,3.86,75,90,91,4,5.6,0,3,0
1259,2.83,64,81,80,17,16.5,0,2,0
1260,3.16,75,92,82,15,13.9,0,3,0
1261,3.6,93,94,89,26,33.6,1,4,0
1262,3.24,84,79,86,20,18.2,1,3,0
1263,3.36,84,83,92,16,15.4,0,3,0
1264,2.81,69,81,74,10,7.5,0,2,0
1265,3.35,76,86,91,19,16.3,1,3,0
1266,2.36,62,72,84,13,0.0,1,1,1
1267,2.94,77,89,89,16,8.2,1,3,0
1268,2.92,73,79,85,16,0.0,1,2,1
1269,2.89,75,80,88,10,3.2,1,2,0
1270,3.83,96,98,100,16,23.2,1,4,0
1271,4.0,89,91,100,20,23.9,1,4,0
1272,3.47,90,97,90,19,2.8,1,4,0
1273,2.39,64,73,76,4,7.3,1,2,1
1274,2.86,68,86,90,7,17.6,1,3,0
1275,3.57,90,100,100,23,21.0,0,4,0
1276,3.38,80,79,93,14,10.8,0,3,0
1277,4.0,100,100,100,25,25.6,0,5,0
1278,3.19,82,94,91,15,13.0,0,3,0
1279,2.9,73,92,92,23,11.1,0,3,0
1280,3.0,75,82,81,20,14.5,1,3,0
1281,3.25,80,82,100,9,34.3,1,3,0
1282,3.04,77,89,85,12,8.1,1,3,0
1283,3.42,92,96,92,22,16.7,0,4,0
1284,3.54,96,86,93,22,20.3,1,4,0
1285,2.82,65,73,79,11,4.8,1,2,1
1286,2.29,58,76,74,3,15.8,1,1,1
1287,2.16,50,74,72,3,0.0,1,1,1
1288,3.33,88,87,85,15,13.8,0,3,0
1289,2.57,73,80,76,11,14.9,1,2,1
1290,2.17,50,65,82,14,0.0,0,1,1
1291,3.55,81,77,95,13,10.8,1,3,0
1292,4.0,100,100,100,21,33.5,1,5,0
1293,3.25,81,85,94,14,22.2,1,3,0
1294,3.65,91,90,100,24,21.7,0,4,0
1295,3.25,72,80,80,8,9.1,1,3,0
1296,3.08,81,75,81,22,18.1,0,3,0
1297,3.72,83,89,91,18,17.3,0,4,0
1298,3.07,68,87,83,10,19.2,0,3,0
1299,3.16,79,93,89,8,28.5,1,3,0
1300,3.19,78,93,88,20,0.0,0,3,0
1301,2.52,69,76,84,11,11.9,0,2,0
1302,3.48,81,87,96,20,7.1,1,4,0
1303,2.85,82,86,83,10,33.5,1,3,0
1304,2.78,76,83,71,10,6.7,0,2,0
1305,3.34,73,91,87,15,24.2,0,3,0
1306,2.76,73,68,79,10,9.3,1,2,1
1307,3.22,73,81,87,12,8.7,0,3,0
1308,2.8,83,85,82,7,7.6,1,3,0
1309,3.98,91,96,94,34,34.2,1,4,0
1310,3.65,84,92,86,10,25.5,1,3,0
1311,2.99,77,86,87,16,30.4,1,3,0
1312,3.77,95,93,89,10,20.4,0,4,0
1313,3.86,87,96,94,11,25.6,0,5,0
1314,3.55,88,93,86,18,16.2,1,4,0
1315,2.95,85,87,87,16,12.8,1,3,0
1316,2.05,67,75,74,15,0.0,1,1,1
1317,2.48,79,76,85,12,9.3,0,2,0
1318,2.99,71,83,88,13,6.9,0,3,0
1319,2.75,76,83,83,8,14.9,1,2,0
1320,2.85,75,85,83,22,15.2,0,3,0
1321,3.15,86,87,90,20,17.6,1,3,0
1322,3.57,84,96,95,11,31.6,0,3,0
1323,3.15,75,86,88,15,14.3,0,3,0
1324,3.53,92,85,100,18,24.0,1,3,0
1325,3.1,76,90,91,14,31.8,0,3,0
1326,2.25,46,63,78,10,13.6,1,1,1
1327,2.4,64,73,82,15,18.6,1,2,1
1328,3.21,80,86,90,13,11.7,1,3,0
1329,2.71,72,79,75,8,9.6,0,2,0
1330,3.66,86,83,90,25,8.1,1,4,0
1331,4.0,100,95,100,27,28.2,0,5,0
1332,3.83,84,91,99,21,24.5,0,4,0
1333,3.28,73,81,89,6,13.9,1,3,0
1334,3.81,94,100,100,23,32.2,1,5,0
1335,3.1,79,90,82,19,6.2,0,3,0
1336,2.92,74,82,81,0,26.1,1,3,0
1337,3.08,75,78,85,13,18.5,1,2,0
1338,3.09,72,76,82,12,12.6,0,3,0
1339,2.77,74,89,100,12,11.5,0,3,0
1340,3.24,80,89,92,11,19.9,1,3,0
1341,3.17,74,83,89,15,28.1,0,3,0
1342,3.06,77,89,85,22,15.8,1,3,0
1343,3.66,82,88,89,15,18.8,1,3,0
1344,3.64,91,92,97,25,22.3,0,4,0
1345,4.0,90,94,96,15,35.0,0,4,0
1346,2.47,61,70,75,12,3.1,1,1,1
1347,1.89,45,64,67,4,0.0,1,1,1
1348,3.67,97,93,100,21,32.3,0,4,0
1349,2.35,55,72,85,9,8.0,1,1,1
1350,2.78,71,87,88,17,22.7,1,3,0
1351,2.39,81,86,73,0,0.7,1,2,0
1352,2.22,50,68,77,0,2.5,1,1,1
1353,3.78,76,81,100,20,30.1,1,3,0
1354,3.43,92,81,100,8,14.1,1,4,0
1355,2.78,59,80,87,10,10.3,1,2,1
1356,1.62,45,62,76,3,1.5,1,1,1
1357,2.59,84,82,84,8,3.8,1,2,0
1358,3.55,73,89,94,13,14.0,1,3,0
1359,2.17,48,66,74,10,7.0,1,1,1
1360,3.27,71,77,91,21,16.5,0,3,0
1361,3.1,83,86,95,10,25.2,1,3,0
1362,3.39,92,90,89,15,30.8,1,4,0
1363,3.27,76,84,85,12,8.9,0,3,0
1364,2.57,70,69,81,0,10.1,1,2,1
1365,3.84,100,96,96,21,27.6,0,4,0
1366,2.96,87,90,90,19,26.2,1,3,0
1367,3.25,76,86,86,20,20.6,1,3,0
1368,2.97,53,74,90,6,11.7,1,2,1
1369,2.96,68,82,78,7,17.7,1,3,0
1370,2.87,65,72,88,11,15.1,1,2,1
1371,2.82,74,89,83,18,6.5,1,3,0
1372,4.0,97,98,92,23,26.8,0,5,0
1373,2.16,68,66,79,10,18.4,1,1,1
1374,1.94,66,71,75,13,3.7,1,1,1
1375,3.93,95,98,93,18,24.9,1,5,0
1376,3.31,82,82,78,13,11.8,0,3,0
1377,2.99,72,79,83,20,0.0,0,2,0
1378,3.87,91,87,100,19,21.4,0,4,0
1379,2.53,76,83,86,6,13.8,1,2,0
1380,4.0,100,95,100,20,21.9,1,5,0
1381,3.67,98,79,95,13,9.8,1,4,0
1382,2.94,64,79,84,15,5.0,0,3,0
1383,4.0,100,100,97,20,34.1,0,5,0
1384,2.66,70,79,76,14,27.1,0,2,0
1385,3.63,90,99,93,15,30.5,1,4,0
1386,3.49,89,89,89,6,6.0,0,3,0
1387,3.54,93,96,100,22,29.6,0,4,0
1388,4.0,88,96,100,23,19.1,1,5,0
1389,3.25,83,85,91,18,10.5,1,3,0
1390,2.92,73,78,81,8,6.8,1,2,1
1391,3.61,72,87,85,13,23.4,0,3,0
1392,2.91,70,83,85,14,18.6,1,2,1
1393,4.0,93,95,100,32,26.3,0,5,0
1394,2.9,76,81,77,16,15.2,1,3,0
1395,2.9,68,77,81,15,16.5,1,3,0
1396,3.51,85,97,86,14,20.7,1,3,0
1397,2.67,63,78,78,1,16.3,1,1,1
1398,2.76,59,79,77,15,0.0,1,2,1
1399,4.0,98,89,97,25,22.4,1,4,0
1400,2.88,62,83,82,16,2.5,1,2,1
1401,2.46,67,77,79,9,8.3,0,2,1
1402,3.5,80,90,88,20,16.4,0,3,0
1403,4.0,90,89,94,25,21.7,0,4,0
1404,3.44,90,91,88,26,12.9,1,4,0
1405,4.0,93,90,97,24,9.1,1,4,0
1406,2.68,77,75,85,12,0.0,1,2,0
1407,2.61,60,78,73,2,5.4,0,1,0
1408,3.82,98,89,100,23,20.6,1,5,0
1409,3.12,72,85,84,15,7.7,1,3,0
1410,2.9,76,87,94,17,24.1,1,3,0
1411,3.71,97,91,95,28,16.1,0,5,0
1412,3.58,84,85,82,17,29.7,0,4,0
1413,3.68,73,87,93,28,30.7,1,3,0
1414,4.0,100,100,100,16,12.4,1,5,0
1415,2.51,72,79,83,14,11.9,0,2,0
1416,3.74,85,94,92,15,17.4,1,4,0
1417,3.22,71,94,88,6,0.0,1,3,0
1418,3.47,90,84,87,15,5.1,1,3,0
1419,4.0,99,88,98,15,30.4,0,5,0
1420,3.49,83,93,96,16,34.2,0,3,0
1421,3.89,78,97,93,18,25.5,0,3,0
1422,3.89,86,95,99,25,24.0,0,4,0
1423,2.91,81,77,84,6,12.6,1,3,0
1424,2.37,69,78,80,16,23.4,1,2,1
1425,2.52,62,72,74,11,25.9,1,2,1
1426,1.95,57,73,71,11,0.0,1,1,1
1427,4.0,98,94,87,22,11.3,0,5,0
1428,2.63,74,75,77,3,0.0,0,2,0
1429,2.83,83,78,86,8,24.2,0,3,0
1430,3.07,72,84,89,7,13.0,0,3,0
1431,3.52,78,85,89,19,18.3,1,3,0
1432,4.0,72,92,96,26,5.6,1,4,0
1433,3.89,79,92,84,16,14.1,1,4,0
1434,3.0,63,76,83,16,9.1,1,2,1
1435,3.11,77,87,78,7,15.7,0,3,0
1436,3.45,79,87,84,17,13.5,1,3,0
1437,3.3,67,78,85,17,5.2,0,3,0
1438,3.9,96,100,100,15,18.4,0,5,0
1439,3.42,87,91,94,16,27.6,0,3,0
1440,3.49,90,90,94,22,21.4,1,4,0
1441,3.67,75,97,93,3,23.9,1,4,0
1442,4.0,91,100,93,27,14.8,1,4,0
1443,3.19,72,86,87,18,0.0,1,3,0
1444,1.94,68,77,80,13,3.0,1,1,1
1445,3.36,88,83,84,15,10.5,1,3,0
1446,2.99,65,79,86,3,13.9,0,2,0
1447,2.99,67,80,82,15,38.1,1,2,1
1448,3.64,82,90,97,17,24.1,1,4,0
1449,3.89,79,96,100,21,44.3,0,4,0
1450,2.96,80,88,80,21,19.7,0,3,0
1451,3.49,80,89,87,20,11.8,0,3,0
1452,4.0,100,92,96,32,28.0,0,5,0
1453,3.78,74,82,81,17,30.7,0,3,0
1454,4.0,100,100,100,23,45.2,0,5,0
1455,3.42,76,88,100,17,13.8,0,4,0
1456,2.02,51,77,78,9,6.5,1,1,1
1457,3.63,80,85,100,23,8.1,0,4,0
1458,3.38,89,86,95,9,23.9,1,3,0
1459,4.0,89,99,94,21,35.2,0,4,0
1460,3.64,87,89,91,26,19.4,1,4,0
1461,2.97,74,86,90,13,8.8,0,3,0
1462,2.84,56,75,81,14,10.5,0,2,0
1463,3.08,74,85,84,17,17.1,1,3,0
1464,2.84,71,77,74,16,10.5,0,2,0
1465,2.73,64,84,100,8,12.9,1,2,1
1466,3.63,90,82,92,14,17.1,1,4,0
1467,4.0,93,96,99,23,33.0,1,5,0
1468,3.06,80,89,92,9,23.3,0,3,0
1469,2.89,67,79,78,8,-0.0,1,2,1
1470,3.72,79,96,92,18,9.6,1,3,0
1471,3.84,93,92,100,29,20.1,0,4,0
1472,2.61,69,88,83,14,17.2,0,2,0
1473,3.19,77,81,81,18,15.4,0,3,0
1474,3.23,64,92,87,21,9.9,1,3,0
1475,2.8,58,83,80,7,12.4,1,2,1
1476,3.63,89,85,100,17,16.2,1,4,0
1477,3.23,83,86,93,27,21.3,0,3,0
1478,3.74,78,88,92,16,20.2,1,3,0
1479,2.78,66,81,75,17,7.2,1,2,1
1480,2.73,75,81,79,18,14.2,0,3,0
1481,3.91,91,89,93,11,29.9,1,4,0
1482,3.3,61,89,87,15,8.2,1,3,0
1483,4.0,93,97,99,24,28.6,1,5,0
1484,2.74,71,86,83,15,12.0,1,3,0
1485,3.38,85,86,87,12,19.8,1,3,0
1486,3.34,100,100,95,14,15.4,1,4,0
1487,2.46,60,71,65,6,7.4,0,1,1
1488,2.03,48,69,69,7,13.3,1,1,1
1489,2.67,62,81,73,14,0.0,1,1,1
1490,3.8,100,92,100,30,11.9,0,4,0
1491,2.53,72,89,80,19,1.4,0,2,0
1492,4.0,100,100,100,31,21.0,0,5,0
1493,2.47,77,80,85,7,16.4,0,2,0
1494,3.46,84,77,96,14,4.9,0,3,0
1495,3.71,90,96,100,23,21.9,1,5,0
1496,4.0,100,100,100,21,32.0,0,5,0
1497,4.0,100,100,100,27,30.7,0,5,0
1498,3.86,100,100,94,24,19.2,1,4,0
1499,4.0,90,89,94,22,22.7,1,4,0
1500,3.63,83,93,90,23,19.4,1,4,0
1501,3.49,95,95,97,14,17.9,1,4,0
1502,2.86,64,86,86,17,10.0,1,2,1
1503,2.71,71,81,85,8,28.0,1,2,1
1504,3.29,70,75,94,10,21.5,0,3,0
1505,2.82,82,83,96,17,33.8,0,3,0
1506,3.05,71,76,85,19,8.3,1,3,0
1507,3.08,94,89,99,21,18.5,0,4,0
1508,3.65,92,97,93,19,10.1,1,4,0
1509,3.16,72,87,95,17,9.1,0,3,0
1510,4.0,100,100,100,22,39.1,0,5,0
1511,2.52,74,78,84,4,4.0,1,2,1
1512,2.8,81,77,87,8,29.2,1,3,0
1513,2.57,65,67,79,11,0.8,1,2,1
1514,2.12,54,72,67,7,0.0,1,1,1
1515,3.13,78,83,87,15,11.8,1,3,0
1516,3.01,72,79,95,18,13.8,1,3,0
1517,4.0,100,88,98,21,31.5,1,5,0
1518,3.72,86,86,97,21,22.4,1,4,0
1519,2.48,49,76,85,10,5.5,0,2,0
1520,4.0,100,100,100,32,25.1,1,5,0
1521,4.0,91,95,100,21,19.8,1,4,0
1522,3.26,85,97,78,29,11.2,0,4,0
1523,2.69,73,78,80,16,6.5,0,3,0
1524,2.78,71,82,76,10,17.5,1,2,1
1525,2.84,80,82,81,9,0.0,0,3,0
1526,3.79,93,97,98,13,34.5,1,4,0
1527,4.0,99,97,100,19,23.6,1,5,0
1528,4.0,96,100,100,18,18.1,1,5,0
1529,3.23,72,83,87,15,18.0,1,3,0
1530,2.69,60,73,75,7,20.2,1,2,1
1531,3.46,83,86,83,17,24.8,0,3,0
1532,1.86,60,71,77,13,8.4,1,1,1
1533,3.16,91,90,87,16,25.6,0,3,0
1534,2.54,84,78,79,25,0.4,1,3,0
1535,2.76,68,81,89,7,8.0,1,3,0
1536,2.43,64,75,83,7,0.0,1,1,1
1537,3.61,78,89,100,15,27.9,0,3,0
1538,2.84,76,88,85,17,8.7,1,2,0
1539,2.49,61,80,82,0,14.7,0,2,0
1540,1.34,37,63,73,0,2.1,1,1,1
1541,3.22,79,86,85,14,7.9,1,3,0
1542,4.0,83,100,100,31,20.9,0,5,0
1543,3.87,87,99,100,24,35.3,0,5,0
1544,2.99,71,72,89,6,6.1,1,3,0
1545,3.03,71,79,84,6,12.4,1,2,1
1546,3.4,81,81,98,25,11.6,1,3,0
1547,2.74,57,84,82,7,6.5,1,2,1
1548,3.94,77,87,83,12,16.4,1,3,0
1549,3.64,90,90,100,26,13.3,1,4,0
1550,4.0,96,99,92,26,14.7,0,4,0
1551,2.99,77,86,94,21,16.7,1,3,0
1552,3.11,82,78,86,9,7.0,0,3,0
1553,2.77,70,78,87,3,3.2,1,2,1
1554,2.74,64,77,87,12,2.5,1,2,1
1555,2.86,74,75,88,16,13.0,0,3,0
1556,3.46,74,84,93,18,24.8,0,3,0
1557,4.0,88,91,97,27,32.5,1,4,0
1558,2.81,75,78,72,3,4.4,1,2,0
1559,4.0,100,89,100,26,41.2,1,5,0
1560,2.99,83,89,80,8,5.3,1,3,0
1561,3.34,76,84,89,19,23.5,1,3,0
1562,2.81,77,80,77,9,4.7,0,2,0
1563,1.56,48,69,64,0,0.0,1,1,1
1564,3.79,97,88,100,16,14.3,1,4,0
1565,3.44,87,93,99,11,19.0,1,4,0
1566,2.9,79,81,86,14,18.0,1,3,0
1567,3.28,88,81,89,11,20.8,1,3,0
1568,3.57,83,92,91,21,10.5,1,3,0
1569,2.02,61,81,79,11,0.0,1,1,1
1570,3.09,79,85,81,21,4.5,0,2,0
1571,3.79,87,96,99,20,18.9,1,4,0
1572,2.31,55,73,77,12,5.8,0,1,1
1573,3.07,94,79,88,23,9.2,1,3,0
1574,2.36,59,82,78,6,9.0,1,1,1
1575,3.39,85,99,89,10,35.9,0,3,0
1576,3.2,85,92,89,16,10.7,0,3,0
1577,2.16,55,71,73,1,1.8,1,1,1
1578,3.5,86,88,99,33,26.5,0,4,0
1579,2.68,71,74,89,19,6.1,0,2,0
1580,2.65,58,71,78,22,15.5,0,2,0
1581,3.45,79,86,89,16,10.5,1,3,0
1582,3.75,93,100,99,23,36.5,0,4,0
1583,2.93,64,77,78,8,11.7,0,2,0
1584,2.85,69,87,91,20,10.4,0,3,0
1585,3.72,93,95,94,11,12.9,0,3,0
1586,3.57,87,88,99,5,15.0,0,4,0
1587,3.48,89,97,86,12,27.0,1,3,0
1588,3.0,72,92,81,6,2.6,1,3,0
1589,2.93,63,78,80,19,4.7,1,2,1
1590,3.17,81,83,84,24,11.0,1,3,0
1591,2.34,64,80,83,3,8.4,1,2,1
1592,1.73,36,61,60,8,0.0,1,1,1
1593,3.44,92,82,100,22,5.7,1,3,0
1594,3.79,85,98,100,11,17.2,0,4,0
1595,2.03,39,73,70,2,0.0,0,1,1
1596,2.39,74,78,85,8,3.9,1,2,1
1597,3.69,82,83,84,22,24.2,0,4,0
1598,4.0,99,94,100,18,34.7,1,5,0
1599,3.19,68,86,85,15,14.5,0,3,0
1600,2.78,80,77,82,8,12.5,0,2,0
1601,2.79,68,82,77,17,0.0,1,3,0
1602,3.87,95,100,100,20,19.9,1,5,0
1603,3.08,76,84,78,9,19.2,1,2,0
1604,2.9,71,86,83,10,6.8,0,2,0
1605,2.9,72,76,82,23,6.2,0,3,0
1606,2.68,56,76,75,9,27.5,1,2,1
1607,3.21,75,90,85,10,30.3,0,3,0
1608,4.0,99,99,100,25,28.5,1,5,0
1609,3.35,77,95,84,16,26.0,1,3,0
1610,3.09,76,85,82,7,0.0,0,3,0
1611,3.25,79,92,89,25,6.9,1,3,0
1612,2.11,65,76,89,6,1.9,0,1,0
1613,4.0,81,97,97,17,18.4,0,4,0
1614,2.85,90,83,83,15,10.6,0,3,0
1615,3.42,80,84,85,23,0.0,1,3,0
1616,4.0,100,100,100,21,37.2,1,5,0
1617,3.33,88,95,88,18,21.1,1,3,0
1618,2.37,83,83,87,22,23.3,0,2,0
1619,2.85,64,81,86,14,6.1,0,3,0
1620,3.68,90,100,100,14,14.9,1,4,0
1621,3.15,65,75,87,12,0.0,0,3,0
1622,2.31,62,67,84,10,4.0,1,1,1
1623,3.94,91,95,94,26,27.7,1,4,0
1624,2.84,70,80,78,10,6.1,1,2,1
1625,4.0,97,100,100,28,43.4,1,5,0
1626,3.63,79,93,87,13,19.4,1,4,0
1627,2.76,75,84,81,6,13.5,1,3,0
1628,4.0,100,91,94,18,11.8,0,4,0
1629,3.09,75,88,100,22,17.7,0,3,0
1630,4.0,91,96,100,19,4.3,1,4,0
1631,3.44,74,95,99,19,23.5,0,3,0
1632,2.69,71,89,80,13,15.7,1,2,1
1633,3.03,68,81,95,18,22.0,1,2,1
1634,4.0,86,94,98,17,13.0,0,4,0
1635,2.98,69,75,90,17,14.3,0,3,0
1636,2.88,71,79,86,9,17.1,1,3,0
1637,2.62,69,77,81,21,12.8,1,2,1
1638,3.52,75,93,90,13,10.6,0,3,0
1639,4.0,100,97,100,20,8.2,1,5,0
1640,2.56,65,81,83,13,11.4,0,2,0
1641,3.34,72,85,90,16,13.9,1,3,0
1642,4.0,100,95,98,23,18.9,0,5,0
1643,3.23,72,86,95,16,20.6,1,3,0
1644,3.53,79,86,77,12,17.4,1,3,0
1645,2.26,59,75,83,18,0.0,1,2,1
1646,2.93,94,80,95,21,2.1,1,3,0
1647,3.17,79,82,92,21,4.8,0,3,0
1648,3.77,84,90,95,17,40.1,1,4,0
1649,3.81,99,91,98,22,27.9,0,4,0
1650,4.0,100,100,100,28,32.0,1,5,0
1651,3.54,86,93,100,23,17.0,1,4,0
1652,3.62,80,89,89,22,15.0,1,3,0
1653,3.33,76,91,91,17,25.5,0,3,0
1654,2.84,76,85,94,6,9.0,0,3,0
1655,3.6,79,86,80,25,21.6,0,3,0
1656,2.98,85,80,82,16,10.4,0,3,0
1657,3.41,72,88,97,13,31.5,0,3,0
1658,3.9,100,98,100,23,28.8,0,5,0
1659,2.47,65,84,83,3,18.9,1,2,1
1660,3.9,93,100,94,25,17.2,1,4,0
1661,3.99,99,92,93,14,31.4,1,5,0
1662,3.23,73,84,84,13,11.8,1,3,0
1663,1.87,58,72,80,7,3.1,1,1,1
1664,2.47,54,86,80,17,24.4,1,2,1
1665,3.89,89,99,98,21,14.4,0,4,0
1666,3.35,72,85,84,18,16.5,0,3,0
1667,2.54,58,71,85,10,12.5,0,2,0
1668,2.85,71,76,82,13,16.1,0,2,0
1669,3.9,90,93,94,19,16.4,1,4,0
1670,3.39,89,91,84,17,35.0,1,4,0
1671,2.75,77,78,78,5,3.2,1,3,0
1672,2.95,70,82,85,10,24.5,1,3,0
1673,2.87,76,85,78,14,22.4,1,3,0
1674,2.45,68,72,92,10,24.7,1,2,1
1675,4.0,100,100,90,21,12.0,1,5,0
1676,3.1,79,81,82,12,6.1,0,3,0
1677,3.93,93,100,97,16,34.2,0,4,0
1678,4.0,91,94,98,19,9.1,1,5,0
1679,4.0,86,87,90,18,8.1,1,4,0
1680,2.87,70,79,80,13,8.5,0,3,0
1681,3.5,81,88,86,19,19.0,1,3,0
1682,3.08,79,83,86,14,27.6,1,3,0
1683,2.49,71,77,91,6,8.1,1,2,1
1684,3.28,82,89,91,9,12.1,1,3,0
1685,2.4,64,75,85,23,10.4,1,2,1
1686,3.98,93,94,99,15,25.9,0,4,0
1687,3.39,69,73,90,10,15.7,1,3,0
1688,3.18,75,88,76,18,14.8,1,3,0
1689,3.29,71,87,89,18,1.1,1,3,0
1690,3.03,71,91,93,16,6.1,0,3,0
1691,3.63,88,85,90,15,29.9,1,4,0
1692,2.97,68,72,93,14,13.6,1,3,0
1693,3.98,87,95,100,19,17.6,0,4,0
1694,1.91,65,77,76,7,15.9,1,1,1
1695,2.8,83,81,86,17,6.7,1,3,0
1696,4.0,95,92,97,29,24.8,1,5,0
1697,2.82,72,85,77,10,10.1,0,2,0
1698,2.48,77,87,77,12,7.4,0,2,0
1699,2.91,77,76,94,23,18.9,1,3,0
1700,3.42,75,84,82,21,14.6,1,3,0
1701,3.46,89,96,94,24,5.9,1,3,0
1702,3.28,83,86,95,8,19.4,0,3,0
1703,3.38,72,87,84,22,8.2,1,4,0
1704,3.67,83,92,100,23,23.0,0,4,0
1705,3.47,81,82,94,12,28.5,0,3,0
1706,2.93,68,75,90,15,11.3,0,3,0
1707,3.7,84,95,89,23,9.7,0,4,0
1708,3.77,100,90,100,19,25.4,0,5,0
1709,2.95,85,85,93,17,7.5,1,3,0
1710,2.39,65,82,80,15,13.9,1,2,1
1711,3.81,98,86,100,15,20.5,1,4,0
1712,3.02,85,79,87,14,28.0,1,3,0
1713,2.06,61,75,77,7,11.3,1,1,1
1714,3.34,90,94,96,15,18.9,1,4,0
1715,2.89,60,78,87,8,17.5,0,2,0
1716,3.26,80,90,79,14,11.3,1,3,0
1717,3.77,88,94,92,21,17.3,0,3,0
1718,3.22,80,88,86,19,13.3,1,3,0
1719,3.69,97,86,89,14,25.4,1,4,0
1720,2.58,78,80,93,16,23.9,1,3,0
1721,3.03,88,90,91,13,24.5,0,3,0
1722,3.21,81,82,81,6,20.8,1,3,0
1723,3.64,89,95,92,16,26.8,1,4,0
1724,3.8,70,82,86,23,23.1,1,4,0
1725,2.36,64,71,88,14,0.3,0,2,1
1726,3.96,98,94,93,20,35.1,1,4,0
1727,3.25,67,79,87,11,26.2,0,2,0
1728,3.77,86,88,100,17,18.0,1,4,0
1729,3.48,76,79,88,17,14.2,1,3,0
1730,4.0,100,99,100,18,30.9,0,5,0
1731,2.75,85,83,81,12,18.1,1,3,0
1732,3.26,69,86,98,12,11.3,0,3,0
1733,3.07,79,85,93,8,4.9,1,3,0
1734,3.12,70,82,85,9,15.6,0,3,0
1735,3.37,91,97,90,21,24.2,0,4,0
1736,1.99,62,66,75,8,11.1,0,1,1
1737,2.85,70,80,78,9,11.5,1,2,1
1738,2.49,67,69,90,6,6.4,1,2,1
1739,4.0,100,88,89,27,28.7,0,4,0
1740,4.0,92,92,100,19,25.8,0,5,0
1741,2.77,66,88,87,16,10.7,1,3,0
1742,3.28,74,83,86,12,12.5,1,3,0
1743,3.12,69,85,88,15,1.5,1,3,0
1744,4.0,83,88,96,23,20.5,0,4,0
1745,2.65,61,77,85,4,14.9,1,2,1
1746,3.03,75,83,93,16,19.1,1,3,0
1747,3.82,84,94,97,25,33.0,1,4,0
1748,3.94,87,84,77,26,15.9,1,3,0
1749,3.41,77,93,91,15,20.0,1,3,0
1750,3.79,89,84,87,20,27.3,0,4,0
1751,1.79,51,61,71,14,17.5,1,1,1
1752,3.65,82,98,100,24,20.2,0,4,0
1753,2.85,69,78,78,9,2.7,1,2,1
1754,1.88,58,65,73,4,10.8,1,1,1
1755,3.55,72,90,89,22,33.0,1,3,0
1756,4.0,80,93,100,16,20.7,0,5,0
1757,2.95,78,80,87,20,20.9,0,3,0
1758,4.0,92,87,100,21,30.5,1,4,0
1759,4.0,100,100,100,25,32.8,1,5,0
1760,3.81,95,94,99,20,23.9,0,5,0
1761,4.0,100,88,100,19,19.3,0,5,0
1762,3.59,86,98,98,26,18.8,1,4,0
1763,3.4,81,89,80,14,19.1,0,3,0
1764,2.18,69,69,76,6,12.7,1,1,1
1765,3.04,62,78,86,13,16.2,1,3,0
1766,2.79,70,82,85,12,6.9,1,2,1
1767,4.0,100,100,100,20,32.5,0,5,0
1768,2.7,78,74,81,11,20.8,0,3,0
1769,3.05,89,95,89,12,18.8,1,3,0
1770,3.72,81,87,87,22,11.6,0,4,0
1771,3.2,78,93,79,11,13.8,0,3,0
1772,4.0,99,100,100,14,32.8,1,5,0
1773,2.55,57,75,86,2,0.2,1,2,1
1774,3.1,73,92,92,9,0.0,0,3,0
1775,2.35,63,76,89,18,22.6,1,2,1
1776,2.39,67,66,75,9,11.2,1,1,1
1777,2.71,76,78,76,15,16.2,1,2,0
1778,2.98,79,87,87,18,6.2,1,3,0
1779,2.93,78,79,83,13,18.3,0,3,0
1780,2.86,69,78,79,12,13.0,1,2,1
1781,2.77,68,80,77,14,0.0,1,1,1
1782,2.85,77,85,84,15,25.9,1,3,0
1783,2.53,60,69,68,15,7.2,0,1,0
1784,3.85,86,94,91,22,16.4,1,4,0
1785,3.09,83,87,83,12,12.5,1,3,0
1786,2.37,58,61,78,6,0.0,0,1,1
1787,2.92,80,85,82,10,17.9,0,3,0
1788,2.79,62,81,88,18,12.6,1,2,1
1789,3.69,75,87,98,14,15.4,1,3,0
1790,4.0,98,100,100,17,33.3,1,5,0
1791,2.18,55,68,66,8,0.0,1,1,1
1792,3.18,77,88,96,15,10.9,0,3,0
1793,2.81,81,76,95,16,7.2,1,3,0
1794,3.56,82,92,93,27,16.8,1,4,0
1795,3.57,79,96,96,21,16.8,1,3,0
1796,2.44,77,74,80,12,13.9,0,2,0
1797,2.8,83,79,76,7,10.3,1,3,0
1798,2.75,78,75,78,9,3.2,1,2,0
1799,3.65,89,94,100,23,34.9,0,4,0
1800,3.05,86,80,81,9,34.4,1,3,0
1801,4.0,95,100,100,34,27.6,1,5,0
1802,2.89,72,89,88,15,8.6,1,3,0
1803,2.58,55,82,80,12,22.6,1,2,1
1804,2.43,70,65,74,5,0.0,1,1,1
1805,1.86,51,76,75,9,1.5,1,1,1
1806,1.93,58,78,73,2,0.0,1,1,1
1807,3.23,76,91,83,27,7.3,1,3,0
1808,3.65,88,91,93,24,15.8,1,3,0
1809,2.21,57,74,82,13,0.0,1,1,1
1810,3.64,81,97,99,12,20.5,1,4,0
1811,2.92,75,91,80,14,12.3,1,3,0
1812,2.94,71,81,83,22,10.9,0,3,0
1813,4.0,92,100,99,25,21.7,0,5,0
1814,3.81,76,91,100,14,18.5,1,4,0
1815,2.96,66,82,89,11,19.9,0,3,0
1816,2.87,68,71,85,9,8.5,1,2,1
1817,1.68,40,67,76,2,8.7,1,1,1
1818,2.99,60,75,85,19,15.4,0,2,0
1819,3.1,75,81,87,4,18.3,0,3,0
1820,2.54,63,72,84,14,20.2,0,2,0
1821,3.12,88,82,84,8,5.3,1,3,0
1822,3.22,90,84,82,11,11.7,0,3,0
1823,3.31,70,84,90,4,27.8,1,3,0
1824,2.59,74,72,89,9,9.0,1,2,1
1825,3.15,85,79,84,23,0.0,0,3,0
1826,3.67,80,90,95,18,16.0,1,3,0
1827,2.43,56,73,88,4,9.5,0,2,0
1828,4.0,95,100,99,26,2.5,1,5,0
1829,3.48,76,85,83,21,25.1,1,3,0
1830,3.13,76,88,89,16,9.4,1,3,0
1831,3.76,89,97,91,28,21.9,0,4,0
1832,3.11,76,85,87,20,14.6,1,3,0
1833,3.92,83,89,97,23,10.4,1,4,0
1834,3.41,82,92,82,12,8.2,1,3,0
1835,2.93,73,83,76,15,3.8,0,2,0
1836,3.29,75,87,91,18,25.9,1,3,0
1837,2.18,70,83,79,12,7.0,0,2,0
1838,3.37,69,85,91,12,11.5,1,3,0
1839,2.77,74,85,97,15,7.3,1,3,0
1840,3.01,74,84,87,10,23.3,1,3,0
1841,3.31,73,79,90,4,25.9,0,3,0
1842,2.11,52,71,69,12,13.2,1,1,1
1843,3.26,83,88,88,5,15.6,1,2,0
1844,3.46,74,88,86,16,17.9,0,3,0
1845,3.17,95,86,90,17,6.2,1,3,0
1846,2.59,68,76,80,12,6.9,0,2,0
1847,3.95,94,96,100,19,17.1,1,4,0
1848,2.36,70,82,75,12,0.0,1,2,1
1849,3.59,100,95,84,22,29.3,1,4,0
1850,3.34,77,87,90,21,12.0,1,3,0
1851,2.41,64,82,85,21,20.7,0,2,0
1852,4.0,95,100,100,24,32.7,0,5,0
1853,2.43,64,71,85,10,12.3,1,2,1
1854,3.42,79,93,97,15,25.4,0,4,0
1855,3.88,90,82,93,22,16.1,1,4,0
1856,2.94,80,82,71,15,25.8,1,2,0
1857,4.0,96,99,97,20,23.7,0,5,0
1858,2.99,73,87,91,17,15.9,0,3,0
1859,3.49,78,85,88,15,11.5,1,3,0
1860,3.49,87,88,90,20,9.1,0,3,0
1861,3.18,71,91,89,19,18.0,1,3,0
1862,3.52,99,98,89,23,21.6,0,4,0
1863,3.73,99,91,97,19,13.4,0,4,0
1864,2.39,59,73,83,2,0.0,1,1,1
1865,3.86,94,100,97,18,12.7,1,4,0
1866,2.62,64,65,70,10,14.6,1,1,1
1867,3.71,97,91,95,32,16.3,0,4,0
1868,3.88,87,100,85,18,19.0,1,4,0
1869,2.41,62,82,82,12,20.1,1,2,1
1870,3.0,65,84,87,10,3.6,0,3,0
1871,2.19,67,69,88,5,2.5,1,2,1
1872,2.96,79,83,85,11,7.6,1,3,0
1873,2.8,66,80,88,3,26.1,1,3,0
1874,3.69,85,93,90,25,35.6,0,4,0
1875,4.0,86,91,96,10,28.9,0,5,0
1876,4.0,89,90,91,20,29.6,0,5,0
1877,2.39,75,70,83,7,7.0,1,2,0
1878,3.48,71,90,85,10,29.3,0,3,0
1879,2.25,56,70,77,14,7.0,1,1,1
1880,2.56,59,80,79,12,17.0,1,2,1
1881,3.81,91,92,96,15,19.9,1,4,0
1882,4.0,97,92,98,19,22.5,0,5,0
1883,2.33,59,69,77,6,20.9,1,2,1
1884,2.88,70,76,84,12,15.8,1,2,1
1885,3.06,79,81,88,16,26.5,1,3,0
1886,3.29,76,89,94,26,18.7,0,3,0
1887,2.58,59,75,81,2,3.4,1,2,1
1888,3.17,94,97,89,17,12.9,0,3,0
1889,2.94,69,87,84,11,13.0,1,3,0
1890,3.31,77,89,84,20,9.9,0,3,0
1891,3.63,91,88,90,19,9.4,1,4,0
1892,3.37,99,93,98,18,24.6,1,3,0
1893,3.0,65,81,80,15,8.0,1,3,0
1894,3.03,79,84,86,10,15.4,1,3,0
1895,3.31,73,85,85,21,16.8,0,3,0
1896,2.71,70,86,84,17,8.1,1,3,0
1897,2.86,71,86,84,18,25.1,1,3,0
1898,3.97,90,95,100,29,15.7,0,5,0
1899,3.75,84,87,84,20,20.5,1,4,0
1900,3.21,66,86,91,21,15.2,1,3,0
1901,3.72,92,94,96,20,18.7,1,4,0
1902,3.21,74,81,79,12,2.6,1,3,0
1903,3.73,95,86,85,20,29.0,0,4,0
1904,3.49,80,87,86,17,23.2,1,3,0
1905,3.11,75,87,86,12,9.0,1,3,0
1906,3.64,85,97,100,25,23.3,1,3,0
1907,2.23,52,67,79,9,8.6,1,1,1
1908,2.45,62,74,71,10,0.0,1,2,1
1909,2.59,59,74,76,12,1.0,1,2,1
1910,3.46,74,93,89,31,25.0,0,3,0
1911,4.0,86,98,100,17,27.9,0,5,0
1912,4.0,100,97,98,21,23.9,1,5,0
1913,3.37,82,93,92,11,12.0,0,4,0
1914,3.0,91,87,88,16,13.9,1,3,0
1915,2.16,63,65,69,8,0.6,0,1,1
1916,3.0,64,76,85,10,5.0,1,2,1
1917,2.78,62,88,86,9,0.0,0,2,1
1918,2.44,86,82,88,13,20.4,0,2,0
1919,3.03,86,84,90,12,21.8,0,3,0
1920,2.47,72,80,82,14,2.0,1,3,0
1921,2.29,56,72,77,12,4.2,1,1,1
1922,3.43,83,92,95,22,12.3,1,4,0
1923,2.81,68,78,81,15,6.5,0,2,0
1924,3.53,77,87,87,22,13.7,0,3,0
1925,4.0,91,100,100,26,24.0,0,5,0
1926,2.42,59,78,81,10,25.5,1,2,1
1927,1.75,48,61,81,0,0.0,1,1,1
1928,2.86,68,80,87,12,6.8,1,3,0
1929,3.88,91,83,93,17,15.5,1,4,0
1930,4.0,95,100,99,27,35.1,0,5,0
1931,2.11,59,80,76,11,0.0,1,2,1
1932,3.05,89,85,100,21,11.9,0,3,0
1933,2.97,74,80,83,7,23.8,1,3,0
1934,3.02,77,81,92,22,16.3,0,3,0
1935,4.0,100,100,100,25,32.4,0,5,0
1936,2.44,63,67,78,3,23.0,1,1,1
1937,3.59,90,87,94,14,18.5,1,3,0
1938,3.43,81,88,89,30,12.1,0,3,0
1939,3.78,88,97,93,18,19.3,1,4,0
1940,3.36,71,85,97,14,6.5,1,3,0
1941,3.11,79,79,95,15,26.9,1,3,0
1942,3.01,79,81,89,12,17.2,0,3,0
1943,3.47,89,82,94,12,25.6,1,3,0
1944,3.13,80,83,88,14,22.6,0,3,0
1945,3.19,75,97,100,23,15.4,0,4,0
1946,2.83,80,74,85,15,5.2,0,3,0
1947,3.25,71,84,94,11,16.8,1,3,0
1948,3.2,83,82,81,13,7.8,0,3,0
1949,3.97,89,92,92,17,23.1,1,4,0
1950,3.47,82,88,82,15,23.7,1,3,0
1951,2.04,49,71,81,14,3.0,0,1,1
1952,3.86,100,97,85,20,23.8,1,4,0
1953,2.89,58,75,79,10,8.8,1,2,1
1954,2.87,66,81,68,21,17.5,1,2,1
1955,3.1,65,84,79,17,6.1,1,2,1
1956,4.0,84,92,96,24,5.7,0,5,0
1957,1.69,53,73,79,15,6.0,0,1,1
1958,4.0,100,100,100,32,41.7,1,5,0
1959,3.52,100,98,92,10,24.9,0,4,0
1960,3.47,81,86,95,20,11.2,0,3,0
1961,3.4,84,86,88,7,5.6,1,3,0
1962,3.74,83,87,90,19,20.7,0,3,0
1963,3.68,87,88,86,9,19.3,1,3,0
1964,3.82,84,91,88,16,17.9,0,4,0
1965,3.42,86,92,88,16,32.9,1,4,0
1966,3.02,82,79,89,12,8.0,1,3,0
1967,3.25,72,91,87,12,28.0,1,3,0
1968,3.19,76,75,95,19,14.3,0,3,0
1969,3.1,75,80,88,11,0.0,0,3,0
1970,3.96,97,93,83,23,20.4,1,4,0
1971,3.62,79,92,94,13,26.2,0,4,0
1972,1.69,42,71,59,1,0.0,1,1,1
1973,3.85,97,81,88,20,7.1,0,4,0
1974,3.43,87,84,85,11,14.9,1,3,0
1975,3.36,86,74,85,8,8.0,0,3,0
1976,3.07,73,82,78,16,16.6,0,3,0
1977,3.78,93,95,97,26,27.9,0,4,0
1978,3.92,95,100,88,19,12.2,0,4,0
1979,2.46,78,80,84,9,4.7,1,2,0
1980,3.66,71,93,100,18,23.5,0,3,0
1981,2.38,58,81,74,11,2.3,1,2,1
1982,2.43,69,72,76,10,0.0,1,1,1
1983,2.65,69,73,71,0,1.8,0,2,0
1984,3.83,84,93,93,14,23.0,0,4,0
1985,3.77,82,85,98,15,23.2,1,4,0
1986,3.19,81,95,95,18,12.6,1,3,0
1987,3.72,78,90,94,19,19.4,1,4,0
1988,3.39,97,95,96,21,30.3,1,3,0
1989,2.99,70,78,96,13,3.4,1,2,1
1990,3.46,83,90,100,10,2.0,1,3,0
1991,3.76,91,92,91,26,23.4,1,4,0
1992,3.46,93,90,86,25,18.6,0,4,0
1993,3.8,98,92,95,14,16.5,0,4,0
1994,3.53,93,92,89,20,24.5,1,4,0
1995,3.58,78,83,93,14,23.8,0,3,0
1996,4.0,89,87,90,21,3.8,0,4,0
1997,3.02,82,91,87,20,9.6,1,3,0
1998,2.89,64,82,86,22,28.2,1,2,1
1999,2.67,76,84,86,18,18.7,1,3,0
2000,2.51,71,88,78,13,15.9,1,2,1
2001,2.6,75,79,89,10,20.3,1,2,0
2002,2.84,66,91,78,15,14.3,1,3,0
2003,2.41,73,80,80,18,16.6,1,2,1
2004,3.1,73,78,85,13,18.9,0,3,0
2005,2.02,60,80,74,2,8.0,1,1,1
2006,3.4,85,92,91,8,13.7,0,3,0
2007,3.34,88,84,91,18,16.4,1,3,0
2008,2.76,76,83,82,13,5.4,0,2,0
2009,3.73,94,88,91,15,19.1,1,4,0
2010,3.75,98,96,93,24,11.3,0,4,0
2011,2.0,60,61,73,6,0.0,0,1,1
2012,2.95,69,74,86,11,8.2,1,2,1
2013,2.62,74,84,79,11,2.8,1,2,1
2014,2.45,71,77,85,9,5.3,1,2,1
2015,3.66,86,92,94,20,18.7,0,4,0
2016,2.9,78,77,84,20,17.1,1,3,0
2017,2.96,75,92,89,8,21.0,1,3,0
2018,2.07,49,76,69,8,0.0,1,1,1
2019,3.65,93,89,96,19,29.5,1,4,0
2020,2.28,63,74,80,10,15.1,1,1,1
2021,3.14,91,91,85,20,19.4,0,3,0
2022,3.58,72,97,93,16,17.9,1,3,0
2023,4.0,91,100,100,24,25.7,0,5,0
2024,2.83,62,86,84,13,16.6,1,1,1
2025,1.62,49,58,70,0,6.7,1,1,1
2026,3.54,83,82,92,17,26.8,1,3,0
2027,4.0,100,93,96,22,26.1,0,5,0
2028,4.0,86,97,100,20,26.9,1,4,0
2029,3.32,74,87,83,14,27.0,1,3,0
2030,2.79,74,81,89,15,7.1,1,2,1
2031,3.72,80,95,96,19,17.3,1,4,0
2032,2.8,63,84,75,13,9.3,0,2,0
2033,3.59,87,81,91,17,25.1,1,3,0
2034,3.33,78,86,91,9,25.4,1,3,0
2035,3.98,100,97,100,20,19.5,1,4,0
2036,4.0,100,100,100,28,19.5,1,5,0
2037,3.48,73,84,90,18,19.3,1,3,0
2038,2.83,66,86,73,10,4.6,1,2,1
2039,3.14,64,78,96,9,2.9,0,3,1
2040,2.29,52,70,69,10,0.0,1,1,1
2041,2.58,74,81,84,11,13.4,1,2,1
2042,3.34,71,79,84,14,23.4,1,3,0
2043,2.52,74,85,84,11,12.2,1,2,1
2044,3.17,71,83,93,16,17.6,1,3,0
2045,2.78,73,86,90,9,19.5,1,2,1
2046,3.99,88,93,98,15,9.4,1,4,0
2047,3.18,78,88,91,17,19.2,0,3,0
2048,3.18,77,89,90,12,14.9,1,3,0
2049,3.09,66,79,91,14,17.6,1,3,0
2050,3.25,73,76,87,18,12.1,1,3,0
2051,3.97,94,93,100,16,13.4,1,4,0
2052,2.85,70,79,87,5,10.9,0,2,0
2053,2.98,76,83,88,24,24.2,1,2,0
2054,2.82,76,82,82,11,20.1,1,3,0
2055,2.38,63,73,77,12,2.9,1,1,1
2056,2.65,58,89,83,21,0.0,0,2,1
2057,2.71,71,74,78,17,0.0,0,3,0
2058,3.8,88,95,100,17,30.8,0,4,0
2059,3.25,93,84,90,16,8.9,0,3,0
2060,3.45,84,85,91,12,13.6,1,3,0
2061,3.5,97,90,91,23,30.7,1,4,0
2062,3.46,80,80,80,17,1.3,1,3,0
2063,3.26,78,91,88,14,29.3,1,3,0
2064,3.18,77,91,88,9,12.4,1,3,0
2065,3.52,83,89,93,10,7.4,0,3,0
2066,2.74,65,81,84,17,9.5,1,2,1
2067,1.91,46,62,71,5,0.0,1,1,1
2068,2.87,75,87,85,15,17.7,1,3,0
2069,4.0,100,100,100,17,18.4,1,5,0
2070,3.76,77,90,100,12,5.3,1,4,0
2071,3.66,97,90,99,24,19.0,1,4,0
2072,3.88,87,91,100,21,11.6,1,4,0
2073,3.41,71,83,90,20,17.2,0,3,0
2074,3.2,87,73,82,14,6.7,1,3,0
2075,2.68,75,82,78,11,7.4,1,2,0
2076,2.97,82,78,88,17,14.6,0,3,0
2077,3.33,90,82,93,21,17.0,1,4,0
2078,4.0,100,98,99,24,24.2,1,4,0
2079,3.0,80,79,95,13,19.6,1,3,0
2080,3.1,72,80,88,16,3.0,1,3,0
2081,3.24,80,92,94,21,14.5,0,3,0
2082,3.36,93,82,93,17,0.0,0,4,0
2083,2.33,56,67,73,6,8.3,1,1,1
2084,1.98,47,69,70,11,0.0,1,1,1
2085,2.83,70,87,80,9,3.8,0,2,0
2086,2.71,51,68,87,13,10.2,1,2,1
2087,3.1,73,83,88,12,21.3,1,2,1
2088,3.3,65,87,89,5,10.3,1,3,0
2089,2.84,73,71,91,19,4.7,0,3,0
2090,3.86,100,100,89,8,25.0,0,5,0
2091,3.27,79,92,93,7,6.3,0,3,0
2092,3.42,92,86,84,19,11.5,0,3,0
2093,3.68,77,96,93,20,28.5,1,4,0
2094,2.08,71,82,78,7,8.7,1,2,1
2095,3.82,95,93,99,20,6.2,0,4,0
2096,3.19,67,82,89,2,0.2,0,3,0
2097,3.55,100,85,100,22,20.3,0,4,0
2098,2.82,65,77,77,11,15.5,1,2,1
2099,2.35,54,76,80,8,0.0,0,1,1
2100,3.95,79,90,95,19,23.5,1,4,0
2101,3.38,81,77,83,19,27.9,0,3,0
2102,2.85,66,85,77,11,24.7,1,2,1
2103,3.01,68,79,81,2,12.4,0,2,0
2104,4.0,90,92,100,31,25.8,1,4,0
2105,2.27,68,80,81,16,0.0,1,2,1
2106,4.0,95,100,94,16,41.7,0,5,0
2107,2.59,56,64,81,9,5.0,1,2,1
2108,3.68,85,92,100,17,11.4,1,4,0
2109,3.14,60,75,86,19,11.0,0,3,0
2110,3.39,87,92,91,7,30.7,1,4,0
2111,2.89,66,82,86,10,29.4,1,2,1
2112,2.7,77,87,91,5,15.0,0,3,0
2113,3.51,86,83,86,14,23.2,0,3,0
2114,2.5,60,68,83,8,9.3,1,2,1
2115,3.66,93,88,92,19,11.1,0,4,0
2116,2.83,69,83,88,10,23.7,1,2,1
2117,3.29,86,88,87,10,8.7,0,3,0
2118,2.04,64,72,83,14,21.3,0,2,0
2119,1.66,42,71,65,6,10.0,0,1,1
2120,3.06,80,80,82,17,18.8,1,3,0
2121,4.0,100,100,100,25,44.1,0,5,0
2122,4.0,82,88,93,16,37.6,1,4,0
2123,3.01,75,86,89,14,13.5,1,3,0
2124,3.2,75,87,84,16,7.0,0,3,0
2125,3.28,86,79,93,4,0.2,1,3,0
2126,3.78,73,86,89,19,36.2,0,4,0
2127,2.36,64,77,78,11,4.4,0,2,1
2128,3.72,95,100,100,20,30.8,1,4,0
2129,3.85,88,86,99,17,13.4,1,4,0
2130,3.72,94,100,91,5,31.6,0,4,0
2131,3.15,83,98,100,15,12.0,0,3,0
2132,3.1,77,85,90,24,5.6,0,3,0
2133,3.68,90,89,88,18,17.4,0,4,0
2134,3.72,86,86,94,16,14.3,1,4,0
2135,2.85,71,82,83,13,17.6,1,3,0
2136,2.27,74,74,86,14,11.1,0,2,0
2137,3.37,75,85,89,19,20.6,1,3,0
2138,3.89,93,100,100,21,22.0,0,5,0
2139,2.05,60,73,74,12,2.2,1,1,1
2140,1.75,69,73,82,17,1.5,1,1,1
2141,3.46,61,78,83,21,32.3,0,3,0
2142,3.26,81,87,83,27,17.1,0,3,0
2143,3.26,80,88,91,12,0.2,0,3,0
2144,3.62,71,87,98,24,12.3,0,3,0
2145,3.19,77,82,85,10,14.4,0,3,0
2146,4.0,99,95,100,23,38.7,0,5,0
2147,1.96,62,76,81,11,13.6,0,1,0
2148,2.7,52,79,86,9,2.7,0,2,1
2149,2.81,85,86,86,15,33.7,0,3,0
2150,2.17,54,74,70,12,4.9,1,1,1
2151,3.04,80,89,76,11,23.9,1,3,0
2152,4.0,100,100,99,31,15.7,1,5,0
2153,3.22,73,86,94,8,0.0,1,3,0
2154,3.46,85,94,84,26,5.1,1,3,0
2155,2.58,61,78,82,14,0.0,1,1,1
2156,3.26,58,87,79,12,28.2,0,2,0
2157,2.91,81,85,86,11,14.5,0,3,0
2158,2.82,70,73,89,11,5.7,1,3,0
2159,4.0,88,100,94,20,26.3,1,4,0
2160,3.37,82,90,93,17,19.9,0,4,0
2161,2.83,66,76,78,16,13.3,0,2,0
2162,3.29,81,88,93,26,26.2,0,3,0
2163,3.39,87,87,93,18,15.7,0,3,0
2164,3.79,84,95,97,16,14.8,0,4,0
2165,4.0,93,94,100,19,31.1,1,5,0
2166,2.56,65,84,84,10,15.3,1,2,1
2167,2.59,80,78,78,6,10.9,0,2,0
2168,2.78,62,74,78,3,24.9,1,1,1
2169,2.89,82,79,86,24,10.1,0,3,0
2170,3.49,84,90,92,19,10.6,1,3,0
2171,3.92,87,93,100,15,24.3,0,4,0
2172,2.83,76,86,89,19,9.1,1,3,0
2173,3.1,73,77,75,8,17.0,1,3,0
2174,3.08,83,78,86,10,9.2,1,3,0
2175,2.86,76,82,72,7,6.8,0,2,0
2176,4.0,100,100,100,33,42.7,1,5,0
2177,2.37,66,68,66,7,2.1,0,1,1
2178,3.53,74,94,85,4,9.7,0,3,0
2179,4.0,100,100,96,30,36.5,0,5,0
2180,3.25,74,85,90,13,6.6,0,3,0
2181,3.04,78,82,87,5,8.3,1,3,0
2182,2.87,72,75,87,12,17.5,1,3,0
2183,3.39,80,89,86,17,21.4,1,3,0
2184,3.88,89,91,91,23,33.0,0,5,0
2185,1.67,52,65,74,14,0.0,1,1,1
2186,4.0,100,100,100,18,29.0,1,5,0
2187,2.19,49,65,79,9,2.7,1,1,1
2188,2.85,88,75,84,10,8.6,1,3,0
2189,2.65,71,82,78,5,22.1,1,3,0
2190,3.46,73,91,88,22,14.1,1,4,0
2191,2.22,60,75,78,10,7.6,1,1,1
2192,3.53,84,87,97,18,19.0,1,3,0
2193,4.0,100,100,100,26,18.6,0,5,0
2194,2.49,68,74,82,5,14.5,1,1,1
2195,3.28,85,85,93,11,20.6,1,3,0
2196,2.76,72,76,86,12,0.0,1,2,1
2197,3.56,86,89,88,23,19.8,1,3,0
2198,3.47,78,88,89,23,8.9,1,3,0
2199,2.84,81,86,79,16,19.9,1,2,0
2200,3.4,75,81,92,17,6.4,1,3,0
2201,4.0,100,97,100,24,23.0,1,5,0
2202,2.8,76,86,95,14,16.8,0,3,0
2203,3.77,92,93,87,13,19.8,1,4,0
2204,2.54,57,75,81,9,13.3,1,1,1
2205,2.74,56,81,88,4,0.0,1,2,1
2206,3.46,85,84,95,17,31.0,1,3,0
2207,4.0,97,100,100,30,28.1,0,5,0
2208,3.32,91,93,94,21,28.0,1,3,0
2209,3.2,67,76,92,9,20.1,1,3,0
2210,3.19,85,80,83,15,14.9,1,3,0
2211,2.33,77,70,72,5,0.0,1,1,0
2212,3.68,83,93,93,17,14.1,1,4,0
2213,3.81,81,85,84,24,33.0,0,4,0
2214,3.0,70,80,91,16,23.4,1,3,0
2215,2.93,72,84,91,25,7.2,1,3,0
2216,3.35,85,87,88,22,0.0,0,3,0
2217,3.42,69,83,83,14,10.7,0,3,0
2218,3.4,87,79,87,18,12.3,0,3,0
2219,4.0,97,100,100,23,25.6,1,5,0
2220,3.07,65,80,87,8,17.7,1,3,0
2221,3.19,80,81,88,20,19.9,1,3,0
2222,2.92,57,81,82,17,19.0,0,2,0
2223,3.65,86,91,98,17,23.0,0,4,0
2224,3.03,95,84,89,16,0.0,1,3,0
2225,2.79,70,76,80,18,8.4,1,2,1
2226,3.36,87,93,100,25,41.4,0,5,0
2227,4.0,95,96,92,14,26.5,1,5,0
2228,2.74,70,74,83,14,14.3,0,2,0
2229,2.4,57,69,79,6,6.7,0,1,1
2230,3.81,94,94,92,25,24.4,1,4,0
2231,2.55,64,73,84,17,0.0,0,2,1
2232,3.66,98,97,97,25,17.8,1,4,0
2233,1.81,56,77,69,1,2.9,1,1,1
2234,3.83,93,85,94,15,30.6,0,4,0
2235,2.53,60,83,78,15,8.1,1,2,1
2236,3.83,94,90,91,15,6.2,1,4,0
2237,3.05,77,87,100,7,18.5,0,3,0
2238,2.63,68,75,77,13,2.8,1,2,1
2239,2.68,68,87,90,10,2.8,1,3,0
2240,3.75,80,92,91,27,12.4,1,4,0
2241,3.37,83,82,83,17,20.0,0,3,0
2242,3.65,82,84,93,18,28.6,0,4,0
2243,4.0,97,93,100,22,30.7,1,5,0
2244,2.34,55,74,81,16,10.7,0,1,0
2245,4.0,100,100,100,24,28.5,1,5,0
2246,3.21,75,89,100,13,16.4,0,3,0
2247,2.69,67,78,83,7,15.2,1,2,1
2248,2.18,62,69,75,9,0.0,1,1,1
2249,2.91,64,80,89,9,14.8,1,3,0
2250,3.77,80,98,94,24,12.2,1,4,0
2251,3.34,78,82,92,5,23.5,1,3,0
2252,4.0,92,97,93,21,22.9,0,5,0
2253,2.28,67,69,89,12,6.5,1,1,1
2254,3.11,84,87,92,17,2.9,0,3,0
2255,2.34,67,73,70,6,15.6,1,1,1
2256,3.48,93,93,87,20,22.2,0,3,0
2257,3.43,88,96,99,15,24.8,1,4,0
2258,3.2,77,79,91,13,6.0,0,3,0
2259,1.5,43,65,62,7,0.0,1,1,1
2260,3.46,95,84,93,18,18.0,0,3,0
2261,3.21,95,81,82,14,12.1,0,3,0
2262,3.58,83,84,91,23,20.9,1,3,0
2263,4.0,95,95,100,21,5.1,1,4,0
2264,2.63,73,79,77,14,4.7,0,2,0
2265,3.41,85,91,86,26,33.5,0,4,0
2266,3.97,88,92,98,26,25.7,0,4,0
2267,1.9,62,76,72,13,5.7,1,1,1
2268,3.34,82,88,94,17,32.8,0,3,0
2269,3.1,73,85,80,17,0.0,1,2,1
2270,3.31,72,76,84,16,8.0,1,3,0
2271,3.41,72,68,81,11,13.9,1,3,0
2272,2.71,74,83,85,14,18.9,1,3,0
2273,2.92,75,73,82,13,18.0,1,2,0
2274,3.22,77,84,82,18,8.3,0,3,0
2275,2.08,74,75,81,9,16.5,0,2,0
2276,2.71,61,85,85,6,5.3,0,2,0
2277,3.6,80,92,92,21,28.8,0,4,0
2278,2.75,64,77,81,3,0.0,1,2,1
2279,3.38,86,94,94,25,18.0,0,4,0
2280,2.84,88,90,85,16,13.9,0,3,0
2281,2.22,53,70,85,8,13.1,0,1,0
2282,2.85,78,85,81,15,6.8,0,2,0
2283,3.58,100,88,100,23,21.8,1,4,0
2284,2.42,66,79,84,4,13.2,1,2,1
2285,3.47,80,74,84,17,16.6,1,3,0
2286,3.42,77,89,94,19,24.9,0,3,0
2287,3.82,94,92,95,15,21.4,1,4,0
2288,2.92,81,91,79,10,10.1,0,3,0
2289,2.42,76,73,82,11,8.6,1,2,0
2290,4.0,95,93,96,15,23.7,0,5,0
2291,4.0,81,100,99,31,27.4,1,5,0
2292,3.71,86,94,89,27,19.7,1,4,0
2293,3.23,75,87,94,18,15.7,1,3,0
2294,2.77,62,74,90,10,0.0,1,2,1
2295,2.67,69,76,87,10,15.4,1,2,1
2296,3.26,82,95,98,21,19.6,0,3,0
2297,3.55,78,88,89,26,25.5,1,3,0
2298,3.65,88,97,95,18,23.4,0,5,0
2299,3.18,82,89,89,12,5.0,1,4,0
2300,2.45,67,68,80,16,3.1,1,1,1
2301,3.93,87,98,97,11,19.7,1,4,0
2302,2.59,63,80,80,5,15.0,0,2,0
2303,2.69,71,94,92,12,0.0,1,3,0
2304,3.21,83,82,92,8,16.8,0,3,0
2305,4.0,100,100,99,30,31.1,0,5,0
2306,4.0,97,100,100,33,28.4,1,5,0
2307,3.42,91,90,96,15,19.2,1,4,0
2308,3.22,84,89,92,21,8.9,0,3,0
2309,3.81,78,79,95,25,12.4,0,3,0
2310,3.65,83,91,100,18,17.1,1,4,0
2311,3.16,71,80,94,11,7.4,1,3,0
2312,3.89,95,95,100,34,31.2,1,5,0
2313,3.47,82,89,86,20,10.5,1,3,0
2314,3.34,72,94,85,19,10.8,1,3,0
2315,3.66,79,89,91,25,33.1,0,4,0
2316,3.4,92,89,95,18,25.2,1,3,0
2317,3.97,82,92,100,16,5.1,0,4,0
2318,2.65,78,80,85,13,5.2,0,2,0
2319,2.99,73,75,90,18,13.6,1,2,1
2320,2.48,54,82,79,0,11.0,0,2,1
2321,3.43,87,90,94,16,5.7,0,3,0
2322,3.63,87,93,98,25,28.9,1,4,0
2323,3.31,81,84,82,15,24.3,1,3,0
2324,4.0,100,95,98,30,28.9,0,5,0
2325,3.18,81,84,93,22,25.8,0,3,0
2326,3.65,90,82,94,18,22.6,1,4,0
2327,2.56,72,68,74,7,12.0,1,2,1
2328,3.13,76,79,73,12,25.1,1,3,0
2329,3.8,78,93,91,31,28.0,1,4,0
2330,3.5,85,88,94,28,13.4,1,4,0
2331,3.2,92,78,81,14,18.3,1,3,0
2332,2.92,81,80,88,12,9.3,0,3,0
2333,2.41,74,71,79,9,9.9,1,1,1
2334,3.11,82,81,89,15,16.7,0,3,0
2335,3.35,90,100,83,13,9.3,1,4,0
2336,3.56,87,95,86,18,17.5,1,4,0
2337,3.41,84,94,90,24,20.1,1,3,0
2338,3.08,68,91,91,6,11.8,1,3,0
2339,3.47,78,80,90,19,17.6,1,3,0
2340,2.67,77,74,85,19,17.5,0,2,0
2341,3.46,83,85,91,15,18.9,1,4,0
2342,3.47,86,95,90,25,19.3,0,3,0
2343,3.63,89,86,88,14,29.0,1,3,0
2344,2.86,66,75,88,15,15.6,1,2,1
2345,2.14,49,67,67,4,3.7,1,1,1
2346,3.96,85,92,100,18,13.9,0,4,0
2347,2.48,67,83,85,10,17.5,1,3,0
2348,2.58,60,80,81,15,12.5,1,2,1
2349,3.5,81,86,90,22,29.4,0,4,0
2350,3.06,82,85,78,13,13.0,0,3,0
2351,3.31,85,90,93,13,6.8,1,4,0
2352,4.0,86,89,91,20,5.1,0,4,0
2353,3.72,83,94,81,20,25.0,1,4,0
2354,2.41,69,72,77,8,2.2,0,1,1
2355,4.0,100,91,100,30,25.8,1,4,0
2356,3.83,86,90,93,8,17.5,1,3,0
2357,3.15,75,78,83,2,11.4,1,3,0
2358,3.48,78,84,89,12,15.1,1,3,0
2359,2.16,50,74,72,11,0.0,1,1,1
2360,3.42,95,98,92,12,17.3,0,3,0
2361,2.49,61,80,88,5,4.1,0,2,1
2362,2.22,66,77,83,14,3.9,1,1,1
2363,2.15,66,76,79,10,3.3,1,1,1
2364,3.6,88,88,94,22,19.9,1,4,0
2365,2.81,77,81,87,16,18.6,1,2,0
2366,3.78,100,96,91,20,23.2,0,5,0
2367,2.92,82,83,83,11,20.0,0,2,0
2368,2.17,55,73,78,11,17.1,1,1,1
2369,2.56,57,79,83,3,15.1,1,2,1
2370,3.84,90,93,100,10,26.7,0,4,0
2371,3.72,77,84,88,12,16.7,0,3,0
2372,3.14,72,75,83,17,18.6,1,2,1
2373,3.05,78,85,92,17,16.7,1,3,0
2374,3.55,73,96,87,22,25.9,1,3,0
2375,3.75,94,95,92,10,26.6,1,4,0
2376,3.87,100,96,99,23,20.8,1,5,0
2377,2.72,76,92,86,17,20.0,1,3,0
2378,2.49,66,68,69,2,7.8,0,1,1
2379,2.82,76,76,87,17,11.7,1,3,0
2380,3.55,84,96,94,16,12.8,0,3,0
2381,2.82,72,78,80,26,10.5,1,2,1
2382,2.9,69,77,93,0,17.2,1,2,1
2383,3.24,80,82,87,23,24.2,1,3,0
2384,3.27,73,87,86,13,17.5,1,3,0
2385,3.35,77,88,86,7,20.0,0,3,0
2386,2.65,71,74,82,9,20.6,1,2,1
2387,2.91,73,83,85,15,12.4,1,3,0
2388,2.97,69,76,74,16,0.5,0,2,0
2389,3.78,91,93,92,28,30.8,1,4,0
2390,3.95,95,87,95,27,17.0,1,4,0
2391,1.93,64,77,80,2,0.0,1,1,1
2392,2.4,67,83,92,16,0.0,1,2,1
2393,2.19,52,72,83,10,10.6,1,1,1
2394,2.79,68,79,79,9,0.0,1,2,1
2395,2.94,77,84,84,14,8.5,0,3,0
2396,2.33,50,70,76,5,11.0,0,1,1
2397,2.31,75,76,90,11,15.2,1,2,0
2398,2.37,67,76,80,7,3.8,1,2,1
2399,3.46,83,95,83,11,15.2,1,3,0
2400,3.36,87,90,86,18,8.4,0,3,0
2401,2.69,66,84,86,15,6.3,1,2,1
2402,3.1,84,88,93,15,18.2,0,3,0
2403,2.67,71,75,83,19,7.7,0,2,0
2404,2.96,74,83,89,12,11.4,1,3,0
2405,4.0,93,100,89,21,13.3,0,5,0
2406,4.0,100,89,99,24,32.1,1,5,0
2407,2.32,60,78,83,8,11.3,1,1,1
2408,3.47,92,100,90,19,26.3,1,4,0
2409,3.74,76,96,90,6,30.2,1,4,0
2410,2.35,71,83,70,10,1.5,1,2,1
2411,3.59,94,92,100,10,17.0,0,4,0
2412,4.0,97,100,96,16,9.1,1,5,0
2413,2.69,63,73,81,3,33.4,0,2,0
2414,2.68,69,82,84,6,8.3,1,2,1
2415,3.56,100,96,100,17,29.4,1,4,0
2416,3.41,71,88,89,14,6.7,1,3,0
2417,3.74,89,96,89,21,26.3,0,4,0
2418,3.33,77,85,91,18,31.9,0,3,0
2419,3.7,83,87,97,7,16.9,0,3,0
2420,2.66,61,76,77,9,0.0,0,1,1
2421,4.0,88,88,91,21,20.2,1,4,0
2422,3.96,92,95,89,19,4.2,1,4,0
2423,3.18,68,75,80,14,13.3,1,3,0
2424,3.46,84,90,92,16,21.3,0,3,0
2425,2.37,49,74,75,12,5.5,1,1,1
2426,3.41,87,86,89,9,15.8,0,3,0
2427,3.45,83,85,89,16,22.7,1,4,0
2428,3.21,70,83,88,22,19.5,1,3,0
2429,3.62,93,97,95,27,8.5,1,4,0
2430,2.97,65,85,84,18,13.7,1,3,0
2431,3.76,85,86,99,20,37.9,1,4,0
2432,2.15,57,73,88,19,0.0,1,2,1
2433,3.49,80,88,80,24,14.2,1,3,0
2434,3.32,70,80,88,14,29.5,0,3,0
2435,3.24,78,87,86,11,25.2,0,3,0
2436,3.09,75,83,84,12,8.7,0,3,0
2437,3.12,72,86,89,30,15.9,1,3,0
2438,3.94,88,95,93,11,19.9,0,4,0
2439,3.13,64,75,86,11,6.4,0,3,0
2440,1.96,63,63,79,1,4.8,1,1,1
2441,4.0,100,95,100,23,23.3,1,5,0
2442,3.99,100,100,95,15,24.2,1,5,0
2443,2.44,63,85,75,9,1.3,1,1,1
2444,3.47,91,99,86,8,8.9,0,4,0
2445,3.25,61,80,80,16,11.7,0,2,0
2446,3.57,90,78,100,22,30.3,0,3,0
2447,3.23,86,75,86,14,17.4,1,3,0
2448,2.79,72,80,80,13,10.9,1,3,0
2449,2.65,76,78,84,11,16.3,1,2,0
2450,2.87,68,86,82,13,9.6,1,2,1
2451,2.7,64,82,80,11,24.4,0,2,0
2452,2.95,71,80,89,15,10.0,1,2,1
2453,3.32,71,80,90,21,20.2,0,3,0
2454,2.96,76,75,80,8,4.7,1,2,0
2455,3.67,80,91,91,17,23.1,0,4,0
2456,3.81,90,100,97,26,26.1,1,5,0
2457,2.81,66,83,88,5,11.1,0,2,0
2458,3.56,85,82,88,6,12.4,0,3,0
2459,3.49,80,92,83,18,12.9,0,3,0
2460,3.58,76,91,91,20,20.1,0,3,0
2461,3.18,75,80,81,12,20.5,0,3,0
2462,3.44,87,87,100,15,18.4,1,4,0
2463,3.46,77,92,87,13,20.2,0,3,0
2464,2.52,56,75,78,5,7.3,0,1,0
2465,3.59,100,99,96,22,21.0,0,4,0
2466,3.69,83,94,93,13,18.7,0,4,0
2467,2.55,67,77,81,10,10.6,1,2,1
2468,3.45,76,85,90,11,36.8,1,3,0
2469,3.55,84,90,100,11,21.6,0,4,0
2470,3.36,79,80,90,18,18.9,1,3,0
2471,4.0,97,88,100,17,24.9,1,4,0
2472,4.0,100,100,100,27,27.1,1,5,0
2473,2.53,61,83,84,4,20.6,1,2,1
2474,1.95,69,78,78,5,4.4,0,1,1
2475,3.09,81,95,92,20,25.3,1,3,0
2476,3.36,97,88,100,31,16.7,1,4,0
2477,3.34,62,92,85,4,5.9,1,3,0
2478,4.0,97,91,97,21,26.6,1,5,0
2479,2.47,73,70,81,11,0.0,1,1,1
2480,3.17,84,81,84,15,23.4,1,4,0
2481,2.6,69,78,82,17,1.8,0,2,0
2482,4.0,100,95,100,18,22.8,1,5,0
2483,4.0,99,100,98,25,15.5,0,5,0
2484,2.71,67,80,88,9,33.0,0,2,0
2485,2.98,69,75,79,19,0.0,0,2,0
2486,4.0,85,89,94,15,20.2,1,4,0
2487,2.92,81,80,87,11,21.8,1,3,0
2488,3.19,80,76,94,20,23.0,1,3,0
2489,3.25,80,80,88,10,22.0,1,3,0
2490,2.53,60,67,78,7,0.9,1,1,1
2491,2.77,76,92,91,6,25.7,0,3,0
2492,2.92,65,81,83,6,18.2,1,2,1
2493,2.88,68,85,79,15,13.7,1,2,1
2494,4.0,95,88,92,17,25.6,0,5,0
2495,2.31,57,82,79,7,5.0,0,1,1
2496,3.68,85,98,91,21,12.6,0,4,0
2497,3.17,72,73,91,11,23.2,1,3,0
2498,3.65,87,79,90,18,23.8,1,3,0
2499,3.84,71,93,93,20,12.7,1,4,0
2500,3.23,81,91,85,19,15.8,0,3,0
